<?xml version="1.0" encoding="UTF-8"?>
<GenRun Id="fifo_16i8ox131072_synth_1" LaunchPart="xc7a100tcsg324-1" LaunchTime="1717152220">
  <File Type="PA-TCL" Name="fifo_16i8ox131072.tcl"/>
  <File Type="REPORTS-TCL" Name="fifo_16i8ox131072_reports.tcl"/>
  <File Type="RDS-RDS" Name="fifo_16i8ox131072.vds"/>
  <File Type="RDS-UTIL" Name="fifo_16i8ox131072_utilization_synth.rpt"/>
  <File Type="RDS-UTIL-PB" Name="fifo_16i8ox131072_utilization_synth.pb"/>
  <File Type="RDS-DCP" Name="fifo_16i8ox131072.dcp"/>
  <FileSet Name="sources" Type="BlockSrcs" RelSrcDir="$PSRCDIR/fifo_16i8ox131072">
    <File Path="$PSRCDIR/sources_1/ip/fifo_16i8ox131072/fifo_16i8ox131072.xci">
      <FileInfo>
        <Attr Name="ImportPath" Val="$PPRDIR/../../TFM/Software/To_AntonioC-blnk/hardware/M1_mi.tmp/intan_rhd2xxx_v2_project/INTAN_RHD2xxx_v2_project.srcs/sources_1/ip/fifo_16i8ox131072/fifo_16i8ox131072.xci"/>
        <Attr Name="ImportTime" Val="1717152217"/>
        <Attr Name="UsedIn" Val="synthesis"/>
        <Attr Name="UsedIn" Val="implementation"/>
        <Attr Name="UsedIn" Val="simulation"/>
      </FileInfo>
    </File>
    <Config>
      <Option Name="TopModule" Val="fifo_16i8ox131072"/>
      <Option Name="UseBlackboxStub" Val="1"/>
    </Config>
  </FileSet>
  <FileSet Name="constrs_in" Type="BlockSrcs" RelSrcDir="$PSRCDIR/fifo_16i8ox131072">
    <File Path="$PSRCDIR/sources_1/ip/fifo_16i8ox131072/fifo_16i8ox131072.xci">
      <FileInfo>
        <Attr Name="ImportPath" Val="$PPRDIR/../../TFM/Software/To_AntonioC-blnk/hardware/M1_mi.tmp/intan_rhd2xxx_v2_project/INTAN_RHD2xxx_v2_project.srcs/sources_1/ip/fifo_16i8ox131072/fifo_16i8ox131072.xci"/>
        <Attr Name="ImportTime" Val="1717152217"/>
        <Attr Name="UsedIn" Val="synthesis"/>
        <Attr Name="UsedIn" Val="implementation"/>
        <Attr Name="UsedIn" Val="simulation"/>
      </FileInfo>
    </File>
    <Config>
      <Option Name="TopModule" Val="fifo_16i8ox131072"/>
      <Option Name="UseBlackboxStub" Val="1"/>
    </Config>
  </FileSet>
  <FileSet Name="utils" Type="Utils" RelSrcDir="$PSRCDIR/utils_1">
    <Filter Type="Utils"/>
    <Config>
      <Option Name="TopAutoSet" Val="TRUE"/>
    </Config>
  </FileSet>
  <Strategy Version="1" Minor="2">
    <StratHandle Name="Vivado Synthesis Defaults" Flow="Vivado Synthesis 2019"/>
    <Step Id="synth_design"/>
  </Strategy>
</GenRun>
