<?xml version="1.0" encoding="UTF-8"?>
<spirit:component xmlns:xilinx="http://www.xilinx.com" xmlns:spirit="http://www.spiritconsortium.org/XMLSchema/SPIRIT/1685-2009" xmlns:xsi="http://www.w3.org/2001/XMLSchema-instance">
  <spirit:vendor>xilinx.com</spirit:vendor>
  <spirit:library>user</spirit:library>
  <spirit:name>INTAN_RHD2xxx</spirit:name>
  <spirit:version>2.01</spirit:version>
  <spirit:busInterfaces>
    <spirit:busInterface>
      <spirit:name>S00_AXI</spirit:name>
      <spirit:busType spirit:vendor="xilinx.com" spirit:library="interface" spirit:name="aximm" spirit:version="1.0"/>
      <spirit:abstractionType spirit:vendor="xilinx.com" spirit:library="interface" spirit:name="aximm_rtl" spirit:version="1.0"/>
      <spirit:slave>
        <spirit:memoryMapRef spirit:memoryMapRef="S00_AXI"/>
      </spirit:slave>
      <spirit:portMaps>
        <spirit:portMap>
          <spirit:logicalPort>
            <spirit:name>AWADDR</spirit:name>
          </spirit:logicalPort>
          <spirit:physicalPort>
            <spirit:name>s00_axi_awaddr</spirit:name>
          </spirit:physicalPort>
        </spirit:portMap>
        <spirit:portMap>
          <spirit:logicalPort>
            <spirit:name>AWPROT</spirit:name>
          </spirit:logicalPort>
          <spirit:physicalPort>
            <spirit:name>s00_axi_awprot</spirit:name>
          </spirit:physicalPort>
        </spirit:portMap>
        <spirit:portMap>
          <spirit:logicalPort>
            <spirit:name>AWVALID</spirit:name>
          </spirit:logicalPort>
          <spirit:physicalPort>
            <spirit:name>s00_axi_awvalid</spirit:name>
          </spirit:physicalPort>
        </spirit:portMap>
        <spirit:portMap>
          <spirit:logicalPort>
            <spirit:name>AWREADY</spirit:name>
          </spirit:logicalPort>
          <spirit:physicalPort>
            <spirit:name>s00_axi_awready</spirit:name>
          </spirit:physicalPort>
        </spirit:portMap>
        <spirit:portMap>
          <spirit:logicalPort>
            <spirit:name>WDATA</spirit:name>
          </spirit:logicalPort>
          <spirit:physicalPort>
            <spirit:name>s00_axi_wdata</spirit:name>
          </spirit:physicalPort>
        </spirit:portMap>
        <spirit:portMap>
          <spirit:logicalPort>
            <spirit:name>WSTRB</spirit:name>
          </spirit:logicalPort>
          <spirit:physicalPort>
            <spirit:name>s00_axi_wstrb</spirit:name>
          </spirit:physicalPort>
        </spirit:portMap>
        <spirit:portMap>
          <spirit:logicalPort>
            <spirit:name>WVALID</spirit:name>
          </spirit:logicalPort>
          <spirit:physicalPort>
            <spirit:name>s00_axi_wvalid</spirit:name>
          </spirit:physicalPort>
        </spirit:portMap>
        <spirit:portMap>
          <spirit:logicalPort>
            <spirit:name>WREADY</spirit:name>
          </spirit:logicalPort>
          <spirit:physicalPort>
            <spirit:name>s00_axi_wready</spirit:name>
          </spirit:physicalPort>
        </spirit:portMap>
        <spirit:portMap>
          <spirit:logicalPort>
            <spirit:name>BRESP</spirit:name>
          </spirit:logicalPort>
          <spirit:physicalPort>
            <spirit:name>s00_axi_bresp</spirit:name>
          </spirit:physicalPort>
        </spirit:portMap>
        <spirit:portMap>
          <spirit:logicalPort>
            <spirit:name>BVALID</spirit:name>
          </spirit:logicalPort>
          <spirit:physicalPort>
            <spirit:name>s00_axi_bvalid</spirit:name>
          </spirit:physicalPort>
        </spirit:portMap>
        <spirit:portMap>
          <spirit:logicalPort>
            <spirit:name>BREADY</spirit:name>
          </spirit:logicalPort>
          <spirit:physicalPort>
            <spirit:name>s00_axi_bready</spirit:name>
          </spirit:physicalPort>
        </spirit:portMap>
        <spirit:portMap>
          <spirit:logicalPort>
            <spirit:name>ARADDR</spirit:name>
          </spirit:logicalPort>
          <spirit:physicalPort>
            <spirit:name>s00_axi_araddr</spirit:name>
          </spirit:physicalPort>
        </spirit:portMap>
        <spirit:portMap>
          <spirit:logicalPort>
            <spirit:name>ARPROT</spirit:name>
          </spirit:logicalPort>
          <spirit:physicalPort>
            <spirit:name>s00_axi_arprot</spirit:name>
          </spirit:physicalPort>
        </spirit:portMap>
        <spirit:portMap>
          <spirit:logicalPort>
            <spirit:name>ARVALID</spirit:name>
          </spirit:logicalPort>
          <spirit:physicalPort>
            <spirit:name>s00_axi_arvalid</spirit:name>
          </spirit:physicalPort>
        </spirit:portMap>
        <spirit:portMap>
          <spirit:logicalPort>
            <spirit:name>ARREADY</spirit:name>
          </spirit:logicalPort>
          <spirit:physicalPort>
            <spirit:name>s00_axi_arready</spirit:name>
          </spirit:physicalPort>
        </spirit:portMap>
        <spirit:portMap>
          <spirit:logicalPort>
            <spirit:name>RDATA</spirit:name>
          </spirit:logicalPort>
          <spirit:physicalPort>
            <spirit:name>s00_axi_rdata</spirit:name>
          </spirit:physicalPort>
        </spirit:portMap>
        <spirit:portMap>
          <spirit:logicalPort>
            <spirit:name>RRESP</spirit:name>
          </spirit:logicalPort>
          <spirit:physicalPort>
            <spirit:name>s00_axi_rresp</spirit:name>
          </spirit:physicalPort>
        </spirit:portMap>
        <spirit:portMap>
          <spirit:logicalPort>
            <spirit:name>RVALID</spirit:name>
          </spirit:logicalPort>
          <spirit:physicalPort>
            <spirit:name>s00_axi_rvalid</spirit:name>
          </spirit:physicalPort>
        </spirit:portMap>
        <spirit:portMap>
          <spirit:logicalPort>
            <spirit:name>RREADY</spirit:name>
          </spirit:logicalPort>
          <spirit:physicalPort>
            <spirit:name>s00_axi_rready</spirit:name>
          </spirit:physicalPort>
        </spirit:portMap>
      </spirit:portMaps>
      <spirit:parameters>
        <spirit:parameter>
          <spirit:name>WIZ_DATA_WIDTH</spirit:name>
          <spirit:value spirit:format="long" spirit:id="BUSIFPARAM_VALUE.S00_AXI.WIZ_DATA_WIDTH" spirit:choiceRef="choice_list_6fc15197">32</spirit:value>
        </spirit:parameter>
        <spirit:parameter>
          <spirit:name>WIZ_NUM_REG</spirit:name>
          <spirit:value spirit:format="long" spirit:id="BUSIFPARAM_VALUE.S00_AXI.WIZ_NUM_REG" spirit:minimum="4" spirit:maximum="512" spirit:rangeType="long">64</spirit:value>
        </spirit:parameter>
        <spirit:parameter>
          <spirit:name>SUPPORTS_NARROW_BURST</spirit:name>
          <spirit:value spirit:format="long" spirit:id="BUSIFPARAM_VALUE.S00_AXI.SUPPORTS_NARROW_BURST" spirit:choiceRef="choice_pairs_ce1226b1">0</spirit:value>
        </spirit:parameter>
      </spirit:parameters>
    </spirit:busInterface>
    <spirit:busInterface>
      <spirit:name>s00_axi_aclk</spirit:name>
      <spirit:busType spirit:vendor="xilinx.com" spirit:library="signal" spirit:name="clock" spirit:version="1.0"/>
      <spirit:abstractionType spirit:vendor="xilinx.com" spirit:library="signal" spirit:name="clock_rtl" spirit:version="1.0"/>
      <spirit:slave/>
      <spirit:portMaps>
        <spirit:portMap>
          <spirit:logicalPort>
            <spirit:name>CLK</spirit:name>
          </spirit:logicalPort>
          <spirit:physicalPort>
            <spirit:name>s00_axi_aclk</spirit:name>
          </spirit:physicalPort>
        </spirit:portMap>
      </spirit:portMaps>
      <spirit:parameters>
        <spirit:parameter>
          <spirit:name>ASSOCIATED_RESET</spirit:name>
          <spirit:value spirit:id="BUSIFPARAM_VALUE.S00_AXI_ACLK.ASSOCIATED_RESET">s00_axi_aresetn</spirit:value>
        </spirit:parameter>
        <spirit:parameter>
          <spirit:name>ASSOCIATED_BUSIF</spirit:name>
          <spirit:value spirit:id="BUSIFPARAM_VALUE.S00_AXI_ACLK.ASSOCIATED_BUSIF">S00_AXI</spirit:value>
        </spirit:parameter>
      </spirit:parameters>
    </spirit:busInterface>
    <spirit:busInterface>
      <spirit:name>s00_axi_aresetn</spirit:name>
      <spirit:busType spirit:vendor="xilinx.com" spirit:library="signal" spirit:name="reset" spirit:version="1.0"/>
      <spirit:abstractionType spirit:vendor="xilinx.com" spirit:library="signal" spirit:name="reset_rtl" spirit:version="1.0"/>
      <spirit:slave/>
      <spirit:portMaps>
        <spirit:portMap>
          <spirit:logicalPort>
            <spirit:name>RST</spirit:name>
          </spirit:logicalPort>
          <spirit:physicalPort>
            <spirit:name>s00_axi_aresetn</spirit:name>
          </spirit:physicalPort>
        </spirit:portMap>
      </spirit:portMaps>
      <spirit:parameters>
        <spirit:parameter>
          <spirit:name>POLARITY</spirit:name>
          <spirit:value spirit:id="BUSIFPARAM_VALUE.S00_AXI_ARESETN.POLARITY" spirit:choiceRef="choice_list_9d8b0d81">ACTIVE_LOW</spirit:value>
        </spirit:parameter>
      </spirit:parameters>
    </spirit:busInterface>
  </spirit:busInterfaces>
  <spirit:memoryMaps>
    <spirit:memoryMap>
      <spirit:name>S00_AXI</spirit:name>
      <spirit:addressBlock>
        <spirit:name>S00_AXI_reg</spirit:name>
        <spirit:baseAddress spirit:format="long" spirit:resolve="user">0</spirit:baseAddress>
        <spirit:range spirit:format="long">4096</spirit:range>
        <spirit:width spirit:format="long">32</spirit:width>
        <spirit:usage>register</spirit:usage>
        <spirit:parameters>
          <spirit:parameter>
            <spirit:name>OFFSET_BASE_PARAM</spirit:name>
            <spirit:value spirit:id="ADDRBLOCKPARAM_VALUE.S00_AXI.S00_AXI_REG.OFFSET_BASE_PARAM">C_S00_AXI_BASEADDR</spirit:value>
          </spirit:parameter>
          <spirit:parameter>
            <spirit:name>OFFSET_HIGH_PARAM</spirit:name>
            <spirit:value spirit:id="ADDRBLOCKPARAM_VALUE.S00_AXI.S00_AXI_REG.OFFSET_HIGH_PARAM">C_S00_AXI_HIGHADDR</spirit:value>
          </spirit:parameter>
        </spirit:parameters>
      </spirit:addressBlock>
    </spirit:memoryMap>
  </spirit:memoryMaps>
  <spirit:model>
    <spirit:views>
      <spirit:view>
        <spirit:name>xilinx_vhdlsynthesis</spirit:name>
        <spirit:displayName>VHDL Synthesis</spirit:displayName>
        <spirit:envIdentifier>vhdlSource:vivado.xilinx.com:synthesis</spirit:envIdentifier>
        <spirit:language>vhdl</spirit:language>
        <spirit:modelName>Intan_RHD2xxx_v2_0</spirit:modelName>
        <spirit:fileSetRef>
          <spirit:localName>xilinx_vhdlsynthesis_xilinx_com_ip_fifo_generator_13_2__ref_view_fileset</spirit:localName>
        </spirit:fileSetRef>
        <spirit:fileSetRef>
          <spirit:localName>xilinx_vhdlsynthesis_view_fileset</spirit:localName>
        </spirit:fileSetRef>
        <spirit:parameters>
          <spirit:parameter>
            <spirit:name>viewChecksum</spirit:name>
            <spirit:value>ac09bca8</spirit:value>
          </spirit:parameter>
        </spirit:parameters>
      </spirit:view>
      <spirit:view>
        <spirit:name>xilinx_vhdlbehavioralsimulation</spirit:name>
        <spirit:displayName>VHDL Simulation</spirit:displayName>
        <spirit:envIdentifier>vhdlSource:vivado.xilinx.com:simulation</spirit:envIdentifier>
        <spirit:language>vhdl</spirit:language>
        <spirit:modelName>Intan_RHD2xxx_v2_0</spirit:modelName>
        <spirit:fileSetRef>
          <spirit:localName>xilinx_vhdlbehavioralsimulation_xilinx_com_ip_fifo_generator_13_2__ref_view_fileset</spirit:localName>
        </spirit:fileSetRef>
        <spirit:fileSetRef>
          <spirit:localName>xilinx_vhdlbehavioralsimulation_view_fileset</spirit:localName>
        </spirit:fileSetRef>
        <spirit:parameters>
          <spirit:parameter>
            <spirit:name>viewChecksum</spirit:name>
            <spirit:value>ac09bca8</spirit:value>
          </spirit:parameter>
        </spirit:parameters>
      </spirit:view>
      <spirit:view>
        <spirit:name>xilinx_softwaredriver</spirit:name>
        <spirit:displayName>Software Driver</spirit:displayName>
        <spirit:envIdentifier>:vivado.xilinx.com:sw.driver</spirit:envIdentifier>
        <spirit:fileSetRef>
          <spirit:localName>xilinx_softwaredriver_view_fileset</spirit:localName>
        </spirit:fileSetRef>
        <spirit:parameters>
          <spirit:parameter>
            <spirit:name>viewChecksum</spirit:name>
            <spirit:value>d4f6718d</spirit:value>
          </spirit:parameter>
        </spirit:parameters>
      </spirit:view>
      <spirit:view>
        <spirit:name>xilinx_xpgui</spirit:name>
        <spirit:displayName>UI Layout</spirit:displayName>
        <spirit:envIdentifier>:vivado.xilinx.com:xgui.ui</spirit:envIdentifier>
        <spirit:fileSetRef>
          <spirit:localName>xilinx_xpgui_view_fileset</spirit:localName>
        </spirit:fileSetRef>
        <spirit:parameters>
          <spirit:parameter>
            <spirit:name>viewChecksum</spirit:name>
            <spirit:value>0e5443b4</spirit:value>
          </spirit:parameter>
        </spirit:parameters>
      </spirit:view>
      <spirit:view>
        <spirit:name>bd_tcl</spirit:name>
        <spirit:displayName>Block Diagram</spirit:displayName>
        <spirit:envIdentifier>:vivado.xilinx.com:block.diagram</spirit:envIdentifier>
        <spirit:fileSetRef>
          <spirit:localName>bd_tcl_view_fileset</spirit:localName>
        </spirit:fileSetRef>
        <spirit:parameters>
          <spirit:parameter>
            <spirit:name>viewChecksum</spirit:name>
            <spirit:value>16328387</spirit:value>
          </spirit:parameter>
        </spirit:parameters>
      </spirit:view>
      <spirit:view>
        <spirit:name>xilinx_testbench</spirit:name>
        <spirit:displayName>Test Bench</spirit:displayName>
        <spirit:envIdentifier>:vivado.xilinx.com:simulation.testbench</spirit:envIdentifier>
        <spirit:fileSetRef>
          <spirit:localName>xilinx_testbench_view_fileset</spirit:localName>
        </spirit:fileSetRef>
        <spirit:parameters>
          <spirit:parameter>
            <spirit:name>viewChecksum</spirit:name>
            <spirit:value>23c3452d</spirit:value>
          </spirit:parameter>
        </spirit:parameters>
      </spirit:view>
    </spirit:views>
    <spirit:ports>
      <spirit:port>
        <spirit:name>I_PERI</spirit:name>
        <spirit:wire>
          <spirit:direction>out</spirit:direction>
          <spirit:wireTypeDefs>
            <spirit:wireTypeDef>
              <spirit:typeName>std_logic</spirit:typeName>
              <spirit:viewNameRef>xilinx_vhdlsynthesis</spirit:viewNameRef>
              <spirit:viewNameRef>xilinx_vhdlbehavioralsimulation</spirit:viewNameRef>
            </spirit:wireTypeDef>
          </spirit:wireTypeDefs>
        </spirit:wire>
      </spirit:port>
      <spirit:port>
        <spirit:name>I_TX_OVERRUN</spirit:name>
        <spirit:wire>
          <spirit:direction>out</spirit:direction>
          <spirit:wireTypeDefs>
            <spirit:wireTypeDef>
              <spirit:typeName>std_logic</spirit:typeName>
              <spirit:viewNameRef>xilinx_vhdlsynthesis</spirit:viewNameRef>
              <spirit:viewNameRef>xilinx_vhdlbehavioralsimulation</spirit:viewNameRef>
            </spirit:wireTypeDef>
          </spirit:wireTypeDefs>
        </spirit:wire>
      </spirit:port>
      <spirit:port>
        <spirit:name>CS</spirit:name>
        <spirit:wire>
          <spirit:direction>out</spirit:direction>
          <spirit:wireTypeDefs>
            <spirit:wireTypeDef>
              <spirit:typeName>std_logic</spirit:typeName>
              <spirit:viewNameRef>xilinx_vhdlsynthesis</spirit:viewNameRef>
              <spirit:viewNameRef>xilinx_vhdlbehavioralsimulation</spirit:viewNameRef>
            </spirit:wireTypeDef>
          </spirit:wireTypeDefs>
        </spirit:wire>
      </spirit:port>
      <spirit:port>
        <spirit:name>SCLK</spirit:name>
        <spirit:wire>
          <spirit:direction>out</spirit:direction>
          <spirit:wireTypeDefs>
            <spirit:wireTypeDef>
              <spirit:typeName>std_logic</spirit:typeName>
              <spirit:viewNameRef>xilinx_vhdlsynthesis</spirit:viewNameRef>
              <spirit:viewNameRef>xilinx_vhdlbehavioralsimulation</spirit:viewNameRef>
            </spirit:wireTypeDef>
          </spirit:wireTypeDefs>
        </spirit:wire>
      </spirit:port>
      <spirit:port>
        <spirit:name>MOSI</spirit:name>
        <spirit:wire>
          <spirit:direction>out</spirit:direction>
          <spirit:wireTypeDefs>
            <spirit:wireTypeDef>
              <spirit:typeName>std_logic</spirit:typeName>
              <spirit:viewNameRef>xilinx_vhdlsynthesis</spirit:viewNameRef>
              <spirit:viewNameRef>xilinx_vhdlbehavioralsimulation</spirit:viewNameRef>
            </spirit:wireTypeDef>
          </spirit:wireTypeDefs>
        </spirit:wire>
      </spirit:port>
      <spirit:port>
        <spirit:name>MISO</spirit:name>
        <spirit:wire>
          <spirit:direction>in</spirit:direction>
          <spirit:wireTypeDefs>
            <spirit:wireTypeDef>
              <spirit:typeName>std_logic</spirit:typeName>
              <spirit:viewNameRef>xilinx_vhdlsynthesis</spirit:viewNameRef>
              <spirit:viewNameRef>xilinx_vhdlbehavioralsimulation</spirit:viewNameRef>
            </spirit:wireTypeDef>
          </spirit:wireTypeDefs>
        </spirit:wire>
      </spirit:port>
      <spirit:port>
        <spirit:name>OUT_BLNK</spirit:name>
        <spirit:wire>
          <spirit:direction>out</spirit:direction>
          <spirit:wireTypeDefs>
            <spirit:wireTypeDef>
              <spirit:typeName>std_logic</spirit:typeName>
              <spirit:viewNameRef>xilinx_vhdlsynthesis</spirit:viewNameRef>
              <spirit:viewNameRef>xilinx_vhdlbehavioralsimulation</spirit:viewNameRef>
            </spirit:wireTypeDef>
          </spirit:wireTypeDefs>
        </spirit:wire>
      </spirit:port>
      <spirit:port>
        <spirit:name>TX</spirit:name>
        <spirit:wire>
          <spirit:direction>out</spirit:direction>
          <spirit:wireTypeDefs>
            <spirit:wireTypeDef>
              <spirit:typeName>std_logic</spirit:typeName>
              <spirit:viewNameRef>xilinx_vhdlsynthesis</spirit:viewNameRef>
              <spirit:viewNameRef>xilinx_vhdlbehavioralsimulation</spirit:viewNameRef>
            </spirit:wireTypeDef>
          </spirit:wireTypeDefs>
        </spirit:wire>
      </spirit:port>
      <spirit:port>
        <spirit:name>s00_axi_aclk</spirit:name>
        <spirit:wire>
          <spirit:direction>in</spirit:direction>
          <spirit:wireTypeDefs>
            <spirit:wireTypeDef>
              <spirit:typeName>std_logic</spirit:typeName>
              <spirit:viewNameRef>xilinx_vhdlsynthesis</spirit:viewNameRef>
              <spirit:viewNameRef>xilinx_vhdlbehavioralsimulation</spirit:viewNameRef>
            </spirit:wireTypeDef>
          </spirit:wireTypeDefs>
        </spirit:wire>
      </spirit:port>
      <spirit:port>
        <spirit:name>s00_axi_aresetn</spirit:name>
        <spirit:wire>
          <spirit:direction>in</spirit:direction>
          <spirit:wireTypeDefs>
            <spirit:wireTypeDef>
              <spirit:typeName>std_logic</spirit:typeName>
              <spirit:viewNameRef>xilinx_vhdlsynthesis</spirit:viewNameRef>
              <spirit:viewNameRef>xilinx_vhdlbehavioralsimulation</spirit:viewNameRef>
            </spirit:wireTypeDef>
          </spirit:wireTypeDefs>
        </spirit:wire>
      </spirit:port>
      <spirit:port>
        <spirit:name>s00_axi_awaddr</spirit:name>
        <spirit:wire>
          <spirit:direction>in</spirit:direction>
          <spirit:vector>
            <spirit:left spirit:format="long" spirit:resolve="dependent" spirit:dependency="(spirit:decode(id(&apos;MODELPARAM_VALUE.C_S00_AXI_ADDR_WIDTH&apos;)) - 1)">7</spirit:left>
            <spirit:right spirit:format="long">0</spirit:right>
          </spirit:vector>
          <spirit:wireTypeDefs>
            <spirit:wireTypeDef>
              <spirit:typeName>std_logic_vector</spirit:typeName>
              <spirit:viewNameRef>xilinx_vhdlsynthesis</spirit:viewNameRef>
              <spirit:viewNameRef>xilinx_vhdlbehavioralsimulation</spirit:viewNameRef>
            </spirit:wireTypeDef>
          </spirit:wireTypeDefs>
          <spirit:driver>
            <spirit:defaultValue spirit:format="long">0</spirit:defaultValue>
          </spirit:driver>
        </spirit:wire>
      </spirit:port>
      <spirit:port>
        <spirit:name>s00_axi_awprot</spirit:name>
        <spirit:wire>
          <spirit:direction>in</spirit:direction>
          <spirit:vector>
            <spirit:left spirit:format="long">2</spirit:left>
            <spirit:right spirit:format="long">0</spirit:right>
          </spirit:vector>
          <spirit:wireTypeDefs>
            <spirit:wireTypeDef>
              <spirit:typeName>std_logic_vector</spirit:typeName>
              <spirit:viewNameRef>xilinx_vhdlsynthesis</spirit:viewNameRef>
              <spirit:viewNameRef>xilinx_vhdlbehavioralsimulation</spirit:viewNameRef>
            </spirit:wireTypeDef>
          </spirit:wireTypeDefs>
          <spirit:driver>
            <spirit:defaultValue spirit:format="long">0</spirit:defaultValue>
          </spirit:driver>
        </spirit:wire>
      </spirit:port>
      <spirit:port>
        <spirit:name>s00_axi_awvalid</spirit:name>
        <spirit:wire>
          <spirit:direction>in</spirit:direction>
          <spirit:wireTypeDefs>
            <spirit:wireTypeDef>
              <spirit:typeName>std_logic</spirit:typeName>
              <spirit:viewNameRef>xilinx_vhdlsynthesis</spirit:viewNameRef>
              <spirit:viewNameRef>xilinx_vhdlbehavioralsimulation</spirit:viewNameRef>
            </spirit:wireTypeDef>
          </spirit:wireTypeDefs>
          <spirit:driver>
            <spirit:defaultValue spirit:format="long">0</spirit:defaultValue>
          </spirit:driver>
        </spirit:wire>
      </spirit:port>
      <spirit:port>
        <spirit:name>s00_axi_awready</spirit:name>
        <spirit:wire>
          <spirit:direction>out</spirit:direction>
          <spirit:wireTypeDefs>
            <spirit:wireTypeDef>
              <spirit:typeName>std_logic</spirit:typeName>
              <spirit:viewNameRef>xilinx_vhdlsynthesis</spirit:viewNameRef>
              <spirit:viewNameRef>xilinx_vhdlbehavioralsimulation</spirit:viewNameRef>
            </spirit:wireTypeDef>
          </spirit:wireTypeDefs>
        </spirit:wire>
      </spirit:port>
      <spirit:port>
        <spirit:name>s00_axi_wdata</spirit:name>
        <spirit:wire>
          <spirit:direction>in</spirit:direction>
          <spirit:vector>
            <spirit:left spirit:format="long" spirit:resolve="dependent" spirit:dependency="(spirit:decode(id(&apos;MODELPARAM_VALUE.C_S00_AXI_DATA_WIDTH&apos;)) - 1)">31</spirit:left>
            <spirit:right spirit:format="long">0</spirit:right>
          </spirit:vector>
          <spirit:wireTypeDefs>
            <spirit:wireTypeDef>
              <spirit:typeName>std_logic_vector</spirit:typeName>
              <spirit:viewNameRef>xilinx_vhdlsynthesis</spirit:viewNameRef>
              <spirit:viewNameRef>xilinx_vhdlbehavioralsimulation</spirit:viewNameRef>
            </spirit:wireTypeDef>
          </spirit:wireTypeDefs>
          <spirit:driver>
            <spirit:defaultValue spirit:format="long">0</spirit:defaultValue>
          </spirit:driver>
        </spirit:wire>
      </spirit:port>
      <spirit:port>
        <spirit:name>s00_axi_wstrb</spirit:name>
        <spirit:wire>
          <spirit:direction>in</spirit:direction>
          <spirit:vector>
            <spirit:left spirit:format="long" spirit:resolve="dependent" spirit:dependency="((spirit:decode(id(&apos;MODELPARAM_VALUE.C_S00_AXI_DATA_WIDTH&apos;)) / 8) - 1)">3</spirit:left>
            <spirit:right spirit:format="long">0</spirit:right>
          </spirit:vector>
          <spirit:wireTypeDefs>
            <spirit:wireTypeDef>
              <spirit:typeName>std_logic_vector</spirit:typeName>
              <spirit:viewNameRef>xilinx_vhdlsynthesis</spirit:viewNameRef>
              <spirit:viewNameRef>xilinx_vhdlbehavioralsimulation</spirit:viewNameRef>
            </spirit:wireTypeDef>
          </spirit:wireTypeDefs>
          <spirit:driver>
            <spirit:defaultValue spirit:format="long">1</spirit:defaultValue>
          </spirit:driver>
        </spirit:wire>
      </spirit:port>
      <spirit:port>
        <spirit:name>s00_axi_wvalid</spirit:name>
        <spirit:wire>
          <spirit:direction>in</spirit:direction>
          <spirit:wireTypeDefs>
            <spirit:wireTypeDef>
              <spirit:typeName>std_logic</spirit:typeName>
              <spirit:viewNameRef>xilinx_vhdlsynthesis</spirit:viewNameRef>
              <spirit:viewNameRef>xilinx_vhdlbehavioralsimulation</spirit:viewNameRef>
            </spirit:wireTypeDef>
          </spirit:wireTypeDefs>
          <spirit:driver>
            <spirit:defaultValue spirit:format="long">0</spirit:defaultValue>
          </spirit:driver>
        </spirit:wire>
      </spirit:port>
      <spirit:port>
        <spirit:name>s00_axi_wready</spirit:name>
        <spirit:wire>
          <spirit:direction>out</spirit:direction>
          <spirit:wireTypeDefs>
            <spirit:wireTypeDef>
              <spirit:typeName>std_logic</spirit:typeName>
              <spirit:viewNameRef>xilinx_vhdlsynthesis</spirit:viewNameRef>
              <spirit:viewNameRef>xilinx_vhdlbehavioralsimulation</spirit:viewNameRef>
            </spirit:wireTypeDef>
          </spirit:wireTypeDefs>
        </spirit:wire>
      </spirit:port>
      <spirit:port>
        <spirit:name>s00_axi_bresp</spirit:name>
        <spirit:wire>
          <spirit:direction>out</spirit:direction>
          <spirit:vector>
            <spirit:left spirit:format="long">1</spirit:left>
            <spirit:right spirit:format="long">0</spirit:right>
          </spirit:vector>
          <spirit:wireTypeDefs>
            <spirit:wireTypeDef>
              <spirit:typeName>std_logic_vector</spirit:typeName>
              <spirit:viewNameRef>xilinx_vhdlsynthesis</spirit:viewNameRef>
              <spirit:viewNameRef>xilinx_vhdlbehavioralsimulation</spirit:viewNameRef>
            </spirit:wireTypeDef>
          </spirit:wireTypeDefs>
        </spirit:wire>
      </spirit:port>
      <spirit:port>
        <spirit:name>s00_axi_bvalid</spirit:name>
        <spirit:wire>
          <spirit:direction>out</spirit:direction>
          <spirit:wireTypeDefs>
            <spirit:wireTypeDef>
              <spirit:typeName>std_logic</spirit:typeName>
              <spirit:viewNameRef>xilinx_vhdlsynthesis</spirit:viewNameRef>
              <spirit:viewNameRef>xilinx_vhdlbehavioralsimulation</spirit:viewNameRef>
            </spirit:wireTypeDef>
          </spirit:wireTypeDefs>
        </spirit:wire>
      </spirit:port>
      <spirit:port>
        <spirit:name>s00_axi_bready</spirit:name>
        <spirit:wire>
          <spirit:direction>in</spirit:direction>
          <spirit:wireTypeDefs>
            <spirit:wireTypeDef>
              <spirit:typeName>std_logic</spirit:typeName>
              <spirit:viewNameRef>xilinx_vhdlsynthesis</spirit:viewNameRef>
              <spirit:viewNameRef>xilinx_vhdlbehavioralsimulation</spirit:viewNameRef>
            </spirit:wireTypeDef>
          </spirit:wireTypeDefs>
          <spirit:driver>
            <spirit:defaultValue spirit:format="long">0</spirit:defaultValue>
          </spirit:driver>
        </spirit:wire>
      </spirit:port>
      <spirit:port>
        <spirit:name>s00_axi_araddr</spirit:name>
        <spirit:wire>
          <spirit:direction>in</spirit:direction>
          <spirit:vector>
            <spirit:left spirit:format="long" spirit:resolve="dependent" spirit:dependency="(spirit:decode(id(&apos;MODELPARAM_VALUE.C_S00_AXI_ADDR_WIDTH&apos;)) - 1)">7</spirit:left>
            <spirit:right spirit:format="long">0</spirit:right>
          </spirit:vector>
          <spirit:wireTypeDefs>
            <spirit:wireTypeDef>
              <spirit:typeName>std_logic_vector</spirit:typeName>
              <spirit:viewNameRef>xilinx_vhdlsynthesis</spirit:viewNameRef>
              <spirit:viewNameRef>xilinx_vhdlbehavioralsimulation</spirit:viewNameRef>
            </spirit:wireTypeDef>
          </spirit:wireTypeDefs>
          <spirit:driver>
            <spirit:defaultValue spirit:format="long">0</spirit:defaultValue>
          </spirit:driver>
        </spirit:wire>
      </spirit:port>
      <spirit:port>
        <spirit:name>s00_axi_arprot</spirit:name>
        <spirit:wire>
          <spirit:direction>in</spirit:direction>
          <spirit:vector>
            <spirit:left spirit:format="long">2</spirit:left>
            <spirit:right spirit:format="long">0</spirit:right>
          </spirit:vector>
          <spirit:wireTypeDefs>
            <spirit:wireTypeDef>
              <spirit:typeName>std_logic_vector</spirit:typeName>
              <spirit:viewNameRef>xilinx_vhdlsynthesis</spirit:viewNameRef>
              <spirit:viewNameRef>xilinx_vhdlbehavioralsimulation</spirit:viewNameRef>
            </spirit:wireTypeDef>
          </spirit:wireTypeDefs>
          <spirit:driver>
            <spirit:defaultValue spirit:format="long">0</spirit:defaultValue>
          </spirit:driver>
        </spirit:wire>
      </spirit:port>
      <spirit:port>
        <spirit:name>s00_axi_arvalid</spirit:name>
        <spirit:wire>
          <spirit:direction>in</spirit:direction>
          <spirit:wireTypeDefs>
            <spirit:wireTypeDef>
              <spirit:typeName>std_logic</spirit:typeName>
              <spirit:viewNameRef>xilinx_vhdlsynthesis</spirit:viewNameRef>
              <spirit:viewNameRef>xilinx_vhdlbehavioralsimulation</spirit:viewNameRef>
            </spirit:wireTypeDef>
          </spirit:wireTypeDefs>
          <spirit:driver>
            <spirit:defaultValue spirit:format="long">0</spirit:defaultValue>
          </spirit:driver>
        </spirit:wire>
      </spirit:port>
      <spirit:port>
        <spirit:name>s00_axi_arready</spirit:name>
        <spirit:wire>
          <spirit:direction>out</spirit:direction>
          <spirit:wireTypeDefs>
            <spirit:wireTypeDef>
              <spirit:typeName>std_logic</spirit:typeName>
              <spirit:viewNameRef>xilinx_vhdlsynthesis</spirit:viewNameRef>
              <spirit:viewNameRef>xilinx_vhdlbehavioralsimulation</spirit:viewNameRef>
            </spirit:wireTypeDef>
          </spirit:wireTypeDefs>
        </spirit:wire>
      </spirit:port>
      <spirit:port>
        <spirit:name>s00_axi_rdata</spirit:name>
        <spirit:wire>
          <spirit:direction>out</spirit:direction>
          <spirit:vector>
            <spirit:left spirit:format="long" spirit:resolve="dependent" spirit:dependency="(spirit:decode(id(&apos;MODELPARAM_VALUE.C_S00_AXI_DATA_WIDTH&apos;)) - 1)">31</spirit:left>
            <spirit:right spirit:format="long">0</spirit:right>
          </spirit:vector>
          <spirit:wireTypeDefs>
            <spirit:wireTypeDef>
              <spirit:typeName>std_logic_vector</spirit:typeName>
              <spirit:viewNameRef>xilinx_vhdlsynthesis</spirit:viewNameRef>
              <spirit:viewNameRef>xilinx_vhdlbehavioralsimulation</spirit:viewNameRef>
            </spirit:wireTypeDef>
          </spirit:wireTypeDefs>
        </spirit:wire>
      </spirit:port>
      <spirit:port>
        <spirit:name>s00_axi_rresp</spirit:name>
        <spirit:wire>
          <spirit:direction>out</spirit:direction>
          <spirit:vector>
            <spirit:left spirit:format="long">1</spirit:left>
            <spirit:right spirit:format="long">0</spirit:right>
          </spirit:vector>
          <spirit:wireTypeDefs>
            <spirit:wireTypeDef>
              <spirit:typeName>std_logic_vector</spirit:typeName>
              <spirit:viewNameRef>xilinx_vhdlsynthesis</spirit:viewNameRef>
              <spirit:viewNameRef>xilinx_vhdlbehavioralsimulation</spirit:viewNameRef>
            </spirit:wireTypeDef>
          </spirit:wireTypeDefs>
        </spirit:wire>
      </spirit:port>
      <spirit:port>
        <spirit:name>s00_axi_rvalid</spirit:name>
        <spirit:wire>
          <spirit:direction>out</spirit:direction>
          <spirit:wireTypeDefs>
            <spirit:wireTypeDef>
              <spirit:typeName>std_logic</spirit:typeName>
              <spirit:viewNameRef>xilinx_vhdlsynthesis</spirit:viewNameRef>
              <spirit:viewNameRef>xilinx_vhdlbehavioralsimulation</spirit:viewNameRef>
            </spirit:wireTypeDef>
          </spirit:wireTypeDefs>
        </spirit:wire>
      </spirit:port>
      <spirit:port>
        <spirit:name>s00_axi_rready</spirit:name>
        <spirit:wire>
          <spirit:direction>in</spirit:direction>
          <spirit:wireTypeDefs>
            <spirit:wireTypeDef>
              <spirit:typeName>std_logic</spirit:typeName>
              <spirit:viewNameRef>xilinx_vhdlsynthesis</spirit:viewNameRef>
              <spirit:viewNameRef>xilinx_vhdlbehavioralsimulation</spirit:viewNameRef>
            </spirit:wireTypeDef>
          </spirit:wireTypeDefs>
          <spirit:driver>
            <spirit:defaultValue spirit:format="long">0</spirit:defaultValue>
          </spirit:driver>
        </spirit:wire>
      </spirit:port>
    </spirit:ports>
    <spirit:modelParameters>
      <spirit:modelParameter xsi:type="spirit:nameValueTypeType" spirit:dataType="integer">
        <spirit:name>C_S00_AXI_DATA_WIDTH</spirit:name>
        <spirit:displayName>C S00 AXI DATA WIDTH</spirit:displayName>
        <spirit:description>Width of S_AXI data bus</spirit:description>
        <spirit:value spirit:format="long" spirit:resolve="generated" spirit:id="MODELPARAM_VALUE.C_S00_AXI_DATA_WIDTH" spirit:order="3" spirit:rangeType="long">32</spirit:value>
      </spirit:modelParameter>
      <spirit:modelParameter spirit:dataType="integer">
        <spirit:name>C_S00_AXI_ADDR_WIDTH</spirit:name>
        <spirit:displayName>C S00 AXI ADDR WIDTH</spirit:displayName>
        <spirit:description>Width of S_AXI address bus</spirit:description>
        <spirit:value spirit:format="long" spirit:resolve="generated" spirit:id="MODELPARAM_VALUE.C_S00_AXI_ADDR_WIDTH" spirit:order="4" spirit:rangeType="long">8</spirit:value>
      </spirit:modelParameter>
    </spirit:modelParameters>
  </spirit:model>
  <spirit:choices>
    <spirit:choice>
      <spirit:name>choice_list_6fc15197</spirit:name>
      <spirit:enumeration>32</spirit:enumeration>
    </spirit:choice>
    <spirit:choice>
      <spirit:name>choice_list_9d8b0d81</spirit:name>
      <spirit:enumeration>ACTIVE_HIGH</spirit:enumeration>
      <spirit:enumeration>ACTIVE_LOW</spirit:enumeration>
    </spirit:choice>
    <spirit:choice>
      <spirit:name>choice_pairs_ce1226b1</spirit:name>
      <spirit:enumeration spirit:text="true">1</spirit:enumeration>
      <spirit:enumeration spirit:text="false">0</spirit:enumeration>
    </spirit:choice>
  </spirit:choices>
  <spirit:fileSets>
    <spirit:fileSet>
      <spirit:name>xilinx_vhdlsynthesis_view_fileset</spirit:name>
      <spirit:file>
        <spirit:name>../../../../../To_AntonioC-blnk/resources/Vivado_repo/ARTY7_repo/INTAN_RHD2xxx_2.0/src/CH_READER.vhd</spirit:name>
        <spirit:fileType>vhdlSource</spirit:fileType>
        <spirit:isIncludeFile>true</spirit:isIncludeFile>
      </spirit:file>
      <spirit:file>
        <spirit:name>../../../../../To_AntonioC-blnk/resources/Vivado_repo/ARTY7_repo/INTAN_RHD2xxx_2.0/src/INI.vhd</spirit:name>
        <spirit:fileType>vhdlSource</spirit:fileType>
        <spirit:isIncludeFile>true</spirit:isIncludeFile>
      </spirit:file>
      <spirit:file>
        <spirit:name>../../../../../To_AntonioC-blnk/resources/Vivado_repo/ARTY7_repo/INTAN_RHD2xxx_2.0/hdl/INTAN_RHD2xxx_v2_0.vhd</spirit:name>
        <spirit:fileType>vhdlSource</spirit:fileType>
        <spirit:isIncludeFile>true</spirit:isIncludeFile>
      </spirit:file>
      <spirit:file>
        <spirit:name>../../../../../To_AntonioC-blnk/resources/Vivado_repo/ARTY7_repo/INTAN_RHD2xxx_2.0/hdl/INTAN_RHD2xxx_v2_0_S00_AXI.vhd</spirit:name>
        <spirit:fileType>vhdlSource</spirit:fileType>
        <spirit:isIncludeFile>true</spirit:isIncludeFile>
      </spirit:file>
      <spirit:file>
        <spirit:name>../../../../../To_AntonioC-blnk/resources/Vivado_repo/ARTY7_repo/INTAN_RHD2xxx_2.0/src/SPI_v2.vhd</spirit:name>
        <spirit:fileType>vhdlSource</spirit:fileType>
        <spirit:isIncludeFile>true</spirit:isIncludeFile>
      </spirit:file>
      <spirit:file>
        <spirit:name>../../../../../To_AntonioC-blnk/resources/Vivado_repo/ARTY7_repo/INTAN_RHD2xxx_2.0/src/tx_uart_fifo.vhd</spirit:name>
        <spirit:fileType>vhdlSource</spirit:fileType>
        <spirit:userFileType>CHECKSUM_2671d260</spirit:userFileType>
        <spirit:isIncludeFile>true</spirit:isIncludeFile>
      </spirit:file>
    </spirit:fileSet>
    <spirit:fileSet>
      <spirit:name>xilinx_vhdlsynthesis_xilinx_com_ip_fifo_generator_13_2__ref_view_fileset</spirit:name>
      <spirit:vendorExtensions>
        <xilinx:subCoreRef>
          <xilinx:componentRef xilinx:vendor="xilinx.com" xilinx:library="ip" xilinx:name="fifo_generator" xilinx:version="13.2">
            <xilinx:mode xilinx:name="create_mode"/>
          </xilinx:componentRef>
        </xilinx:subCoreRef>
      </spirit:vendorExtensions>
    </spirit:fileSet>
    <spirit:fileSet>
      <spirit:name>xilinx_vhdlbehavioralsimulation_view_fileset</spirit:name>
      <spirit:file>
        <spirit:name>../../../../../To_AntonioC-blnk/resources/Vivado_repo/ARTY7_repo/INTAN_RHD2xxx_2.0/src/CH_READER.vhd</spirit:name>
        <spirit:fileType>vhdlSource</spirit:fileType>
        <spirit:isIncludeFile>true</spirit:isIncludeFile>
      </spirit:file>
      <spirit:file>
        <spirit:name>../../../../../To_AntonioC-blnk/resources/Vivado_repo/ARTY7_repo/INTAN_RHD2xxx_2.0/src/INI.vhd</spirit:name>
        <spirit:fileType>vhdlSource</spirit:fileType>
        <spirit:isIncludeFile>true</spirit:isIncludeFile>
      </spirit:file>
      <spirit:file>
        <spirit:name>../../../../../To_AntonioC-blnk/resources/Vivado_repo/ARTY7_repo/INTAN_RHD2xxx_2.0/hdl/INTAN_RHD2xxx_v2_0.vhd</spirit:name>
        <spirit:fileType>vhdlSource</spirit:fileType>
        <spirit:isIncludeFile>true</spirit:isIncludeFile>
      </spirit:file>
      <spirit:file>
        <spirit:name>../../../../../To_AntonioC-blnk/resources/Vivado_repo/ARTY7_repo/INTAN_RHD2xxx_2.0/hdl/INTAN_RHD2xxx_v2_0_S00_AXI.vhd</spirit:name>
        <spirit:fileType>vhdlSource</spirit:fileType>
        <spirit:isIncludeFile>true</spirit:isIncludeFile>
      </spirit:file>
      <spirit:file>
        <spirit:name>../../../../../To_AntonioC-blnk/resources/Vivado_repo/ARTY7_repo/INTAN_RHD2xxx_2.0/src/SPI_v2.vhd</spirit:name>
        <spirit:fileType>vhdlSource</spirit:fileType>
        <spirit:isIncludeFile>true</spirit:isIncludeFile>
      </spirit:file>
      <spirit:file>
        <spirit:name>../../../../../To_AntonioC-blnk/resources/Vivado_repo/ARTY7_repo/INTAN_RHD2xxx_2.0/src/tx_uart_fifo.vhd</spirit:name>
        <spirit:fileType>vhdlSource</spirit:fileType>
        <spirit:isIncludeFile>true</spirit:isIncludeFile>
      </spirit:file>
    </spirit:fileSet>
    <spirit:fileSet>
      <spirit:name>xilinx_vhdlbehavioralsimulation_xilinx_com_ip_fifo_generator_13_2__ref_view_fileset</spirit:name>
      <spirit:vendorExtensions>
        <xilinx:subCoreRef>
          <xilinx:componentRef xilinx:vendor="xilinx.com" xilinx:library="ip" xilinx:name="fifo_generator" xilinx:version="13.2">
            <xilinx:mode xilinx:name="create_mode"/>
          </xilinx:componentRef>
        </xilinx:subCoreRef>
      </spirit:vendorExtensions>
    </spirit:fileSet>
    <spirit:fileSet>
      <spirit:name>xilinx_softwaredriver_view_fileset</spirit:name>
      <spirit:file>
        <spirit:name>drivers/INTAN_RHD2xxx_v1_0/data/INTAN_RHD2xxx.mdd</spirit:name>
        <spirit:userFileType>mdd</spirit:userFileType>
        <spirit:userFileType>driver_mdd</spirit:userFileType>
        <spirit:isIncludeFile>true</spirit:isIncludeFile>
      </spirit:file>
      <spirit:file>
        <spirit:name>drivers/INTAN_RHD2xxx_v1_0/data/INTAN_RHD2xxx.tcl</spirit:name>
        <spirit:fileType>tclSource</spirit:fileType>
        <spirit:userFileType>driver_tcl</spirit:userFileType>
        <spirit:isIncludeFile>true</spirit:isIncludeFile>
      </spirit:file>
      <spirit:file>
        <spirit:name>drivers/INTAN_RHD2xxx_v1_0/src/Makefile</spirit:name>
        <spirit:userFileType>driver_src</spirit:userFileType>
        <spirit:isIncludeFile>true</spirit:isIncludeFile>
      </spirit:file>
      <spirit:file>
        <spirit:name>drivers/INTAN_RHD2xxx_v1_0/src/INTAN_RHD2xxx.h</spirit:name>
        <spirit:fileType>cSource</spirit:fileType>
        <spirit:userFileType>driver_src</spirit:userFileType>
        <spirit:isIncludeFile>true</spirit:isIncludeFile>
      </spirit:file>
      <spirit:file>
        <spirit:name>drivers/INTAN_RHD2xxx_v1_0/src/INTAN_RHD2xxx.c</spirit:name>
        <spirit:fileType>cSource</spirit:fileType>
        <spirit:userFileType>driver_src</spirit:userFileType>
        <spirit:isIncludeFile>true</spirit:isIncludeFile>
      </spirit:file>
      <spirit:file>
        <spirit:name>drivers/INTAN_RHD2xxx_v1_0/src/INTAN_RHD2xxx_selftest.c</spirit:name>
        <spirit:fileType>cSource</spirit:fileType>
        <spirit:userFileType>driver_src</spirit:userFileType>
        <spirit:isIncludeFile>true</spirit:isIncludeFile>
      </spirit:file>
    </spirit:fileSet>
    <spirit:fileSet>
      <spirit:name>xilinx_xpgui_view_fileset</spirit:name>
      <spirit:file>
        <spirit:name>xgui/INTAN_RHD2xxx_v2.tcl</spirit:name>
        <spirit:fileType>tclSource</spirit:fileType>
        <spirit:userFileType>CHECKSUM_0e5443b4</spirit:userFileType>
        <spirit:userFileType>XGUI_VERSION_2</spirit:userFileType>
      </spirit:file>
    </spirit:fileSet>
    <spirit:fileSet>
      <spirit:name>bd_tcl_view_fileset</spirit:name>
      <spirit:file>
        <spirit:name>bd/bd.tcl</spirit:name>
        <spirit:fileType>tclSource</spirit:fileType>
        <spirit:isIncludeFile>true</spirit:isIncludeFile>
      </spirit:file>
    </spirit:fileSet>
    <spirit:fileSet>
      <spirit:name>xilinx_testbench_view_fileset</spirit:name>
      <spirit:file>
        <spirit:name>../../../../../To_AntonioC-blnk/resources/Vivado_repo/ARTY7_repo/INTAN_RHD2xxx_2.0/src/test_file_tb.vhd</spirit:name>
        <spirit:fileType>vhdlSource</spirit:fileType>
        <spirit:userFileType>USED_IN_simulation</spirit:userFileType>
        <spirit:userFileType>USED_IN_synthesis</spirit:userFileType>
        <spirit:isIncludeFile>true</spirit:isIncludeFile>
      </spirit:file>
      <spirit:file>
        <spirit:name>../../../../../To_AntonioC-blnk/resources/Vivado_repo/ARTY7_repo/INTAN_RHD2xxx_2.0/src/rhd2000_fake.vhdl</spirit:name>
        <spirit:fileType>vhdlSource</spirit:fileType>
        <spirit:userFileType>USED_IN_simulation</spirit:userFileType>
        <spirit:userFileType>USED_IN_synthesis</spirit:userFileType>
        <spirit:isIncludeFile>true</spirit:isIncludeFile>
      </spirit:file>
      <spirit:file>
        <spirit:name>../../../../../To_AntonioC-blnk/hardware/M1_mi.tmp/intan_rhd2xxx_v2_project/test_file_tb_behav.wcfg</spirit:name>
        <spirit:fileType>unknown</spirit:fileType>
        <spirit:userFileType>USED_IN_simulation</spirit:userFileType>
        <spirit:isIncludeFile>true</spirit:isIncludeFile>
      </spirit:file>
    </spirit:fileSet>
  </spirit:fileSets>
  <spirit:description>Intan custom SPI interface</spirit:description>
  <spirit:parameters>
    <spirit:parameter>
      <spirit:name>C_S00_AXI_DATA_WIDTH</spirit:name>
      <spirit:displayName>C S00 AXI DATA WIDTH</spirit:displayName>
      <spirit:description>Width of S_AXI data bus</spirit:description>
      <spirit:value spirit:format="long" spirit:resolve="user" spirit:id="PARAM_VALUE.C_S00_AXI_DATA_WIDTH" spirit:choiceRef="choice_list_6fc15197" spirit:order="3">32</spirit:value>
      <spirit:vendorExtensions>
        <xilinx:parameterInfo>
          <xilinx:enablement>
            <xilinx:isEnabled xilinx:id="PARAM_ENABLEMENT.C_S00_AXI_DATA_WIDTH">false</xilinx:isEnabled>
          </xilinx:enablement>
        </xilinx:parameterInfo>
      </spirit:vendorExtensions>
    </spirit:parameter>
    <spirit:parameter>
      <spirit:name>C_S00_AXI_ADDR_WIDTH</spirit:name>
      <spirit:displayName>C S00 AXI ADDR WIDTH</spirit:displayName>
      <spirit:description>Width of S_AXI address bus</spirit:description>
      <spirit:value spirit:format="long" spirit:resolve="user" spirit:id="PARAM_VALUE.C_S00_AXI_ADDR_WIDTH" spirit:order="4" spirit:rangeType="long">8</spirit:value>
      <spirit:vendorExtensions>
        <xilinx:parameterInfo>
          <xilinx:enablement>
            <xilinx:isEnabled xilinx:id="PARAM_ENABLEMENT.C_S00_AXI_ADDR_WIDTH">false</xilinx:isEnabled>
          </xilinx:enablement>
        </xilinx:parameterInfo>
      </spirit:vendorExtensions>
    </spirit:parameter>
    <spirit:parameter>
      <spirit:name>C_S00_AXI_BASEADDR</spirit:name>
      <spirit:displayName>C S00 AXI BASEADDR</spirit:displayName>
      <spirit:value spirit:format="bitString" spirit:resolve="user" spirit:id="PARAM_VALUE.C_S00_AXI_BASEADDR" spirit:order="5" spirit:bitStringLength="32">0xFFFFFFFF</spirit:value>
      <spirit:vendorExtensions>
        <xilinx:parameterInfo>
          <xilinx:enablement>
            <xilinx:isEnabled xilinx:id="PARAM_ENABLEMENT.C_S00_AXI_BASEADDR">false</xilinx:isEnabled>
          </xilinx:enablement>
        </xilinx:parameterInfo>
      </spirit:vendorExtensions>
    </spirit:parameter>
    <spirit:parameter>
      <spirit:name>C_S00_AXI_HIGHADDR</spirit:name>
      <spirit:displayName>C S00 AXI HIGHADDR</spirit:displayName>
      <spirit:value spirit:format="bitString" spirit:resolve="user" spirit:id="PARAM_VALUE.C_S00_AXI_HIGHADDR" spirit:order="6" spirit:bitStringLength="32">0x00000000</spirit:value>
      <spirit:vendorExtensions>
        <xilinx:parameterInfo>
          <xilinx:enablement>
            <xilinx:isEnabled xilinx:id="PARAM_ENABLEMENT.C_S00_AXI_HIGHADDR">false</xilinx:isEnabled>
          </xilinx:enablement>
        </xilinx:parameterInfo>
      </spirit:vendorExtensions>
    </spirit:parameter>
    <spirit:parameter>
      <spirit:name>Component_Name</spirit:name>
      <spirit:value spirit:resolve="user" spirit:id="PARAM_VALUE.Component_Name" spirit:order="1">INTAN_RHD2xxx_v1_0</spirit:value>
    </spirit:parameter>
  </spirit:parameters>
  <spirit:vendorExtensions>
    <xilinx:coreExtensions>
      <xilinx:supportedFamilies>
        <xilinx:family xilinx:lifeCycle="Production">artix7</xilinx:family>
      </xilinx:supportedFamilies>
      <xilinx:taxonomies>
        <xilinx:taxonomy>/AXI_Peripheral</xilinx:taxonomy>
        <xilinx:taxonomy>/Communication_&amp;_Networking/Serial_Interfaces</xilinx:taxonomy>
      </xilinx:taxonomies>
      <xilinx:displayName>INTAN_RHD2xxx_v2</xilinx:displayName>
      <xilinx:coreRevision>4</xilinx:coreRevision>
      <xilinx:upgrades>
        <xilinx:canUpgradeFrom>xilinx.com:user:INTAN_RHD2xxx:1.0</xilinx:canUpgradeFrom>
        <xilinx:canUpgradeFrom>xilinx.com:user:INTAN_RHD2xxx:1.05</xilinx:canUpgradeFrom>
        <xilinx:canUpgradeFrom>xilinx.com:user:INTAN_RHD2xxx:1.07</xilinx:canUpgradeFrom>
        <xilinx:canUpgradeFrom>xilinx.com:user:INTAN_RHD2xxx:1.08</xilinx:canUpgradeFrom>
        <xilinx:canUpgradeFrom>xilinx.com:user:INTAN_RHD2xxx:1.09</xilinx:canUpgradeFrom>
        <xilinx:canUpgradeFrom>xilinx.com:user:INTAN_RHD2xxx:1.10</xilinx:canUpgradeFrom>
        <xilinx:canUpgradeFrom>xilinx.com:user:INTAN_RHD2xxx:1.11</xilinx:canUpgradeFrom>
        <xilinx:canUpgradeFrom>xilinx.com:user:INTAN_RHD2xxx:1.21</xilinx:canUpgradeFrom>
        <xilinx:canUpgradeFrom>xilinx.com:user:INTAN_RHD2xxx:1.22</xilinx:canUpgradeFrom>
        <xilinx:canUpgradeFrom>xilinx.com:user:INTAN_RHD2xxx:1.23</xilinx:canUpgradeFrom>
        <xilinx:canUpgradeFrom>xilinx.com:user:INTAN_RHD2xxx:1.24</xilinx:canUpgradeFrom>
        <xilinx:canUpgradeFrom>xilinx.com:user:INTAN_RHD2xxx:1.26</xilinx:canUpgradeFrom>
        <xilinx:canUpgradeFrom>xilinx.com:user:INTAN_RHD2xxx:1.27</xilinx:canUpgradeFrom>
        <xilinx:canUpgradeFrom>xilinx.com:user:INTAN_RHD2xxx:1.28</xilinx:canUpgradeFrom>
        <xilinx:canUpgradeFrom>xilinx.com:user:INTAN_RHD2xxx:1.29</xilinx:canUpgradeFrom>
        <xilinx:canUpgradeFrom>xilinx.com:user:INTAN_RHD2xxx:1.30</xilinx:canUpgradeFrom>
        <xilinx:canUpgradeFrom>xilinx.com:user:INTAN_RHD2xxx:1.31</xilinx:canUpgradeFrom>
        <xilinx:canUpgradeFrom>xilinx.com:user:INTAN_RHD2xxx:1.32</xilinx:canUpgradeFrom>
        <xilinx:canUpgradeFrom>xilinx.com:user:INTAN_RHD2xxx:1.33</xilinx:canUpgradeFrom>
        <xilinx:canUpgradeFrom>xilinx.com:user:INTAN_RHD2xxx:1.331</xilinx:canUpgradeFrom>
        <xilinx:canUpgradeFrom>xilinx.com:user:INTAN_RHD2xxx:1.332</xilinx:canUpgradeFrom>
        <xilinx:canUpgradeFrom>xilinx.com:user:INTAN_RHD2xxx:1.333</xilinx:canUpgradeFrom>
        <xilinx:canUpgradeFrom>xilinx.com:user:INTAN_RHD2xxx:1.334</xilinx:canUpgradeFrom>
        <xilinx:canUpgradeFrom>xilinx.com:user:INTAN_RHD2xxx:1.335</xilinx:canUpgradeFrom>
        <xilinx:canUpgradeFrom>xilinx.com:user:INTAN_RHD2xxx:1.336</xilinx:canUpgradeFrom>
        <xilinx:canUpgradeFrom>xilinx.com:user:INTAN_RHD2xxx:1.337</xilinx:canUpgradeFrom>
        <xilinx:canUpgradeFrom>xilinx.com:user:INTAN_RHD2xxx:1.338</xilinx:canUpgradeFrom>
      </xilinx:upgrades>
      <xilinx:coreCreationDateTime>2024-06-06T08:53:26Z</xilinx:coreCreationDateTime>
      <xilinx:tags>
        <xilinx:tag xilinx:name="xilinx.com:user:INTAN_RHD2xxx:1.0_ARCHIVE_LOCATION">d:/Proyectos/55__Vivado_repo/ARTY7_repo/INTAN_RHD2xxx_1.0</xilinx:tag>
        <xilinx:tag xilinx:name="xilinx.com:user:INTAN_RHD2xxx:1.05_ARCHIVE_LOCATION">c:/Users/acast/Desktop/TFG II/To_AntonioC/resources/Vivado_repo/ARTY7_repo/INTAN_RHD2xxx_1.0</xilinx:tag>
        <xilinx:tag xilinx:name="xilinx.com:user:INTAN_RHD2xxx:1.07_ARCHIVE_LOCATION">c:/Users/acast/Desktop/TFG II/To_AntonioC/resources/Vivado_repo/ARTY7_repo/INTAN_RHD2xxx_1.0</xilinx:tag>
        <xilinx:tag xilinx:name="xilinx.com:user:INTAN_RHD2xxx:1.08_ARCHIVE_LOCATION">c:/Users/acast/Desktop/TFG II/To_AntonioC/resources/Vivado_repo/ARTY7_repo/INTAN_RHD2xxx_1.0</xilinx:tag>
        <xilinx:tag xilinx:name="xilinx.com:user:INTAN_RHD2xxx:1.09_ARCHIVE_LOCATION">c:/Users/acast/Desktop/TFG II/To_AntonioC/resources/Vivado_repo/ARTY7_repo/INTAN_RHD2xxx_1.0</xilinx:tag>
        <xilinx:tag xilinx:name="xilinx.com:user:INTAN_RHD2xxx:1.10_ARCHIVE_LOCATION">c:/Users/acast/Desktop/TFG II/To_AntonioC/resources/Vivado_repo/ARTY7_repo/INTAN_RHD2xxx_1.0</xilinx:tag>
        <xilinx:tag xilinx:name="xilinx.com:user:INTAN_RHD2xxx:1.11_ARCHIVE_LOCATION">c:/Users/acast/Desktop/TFG II/To_AntonioC/resources/Vivado_repo/ARTY7_repo/INTAN_RHD2xxx_1.0</xilinx:tag>
        <xilinx:tag xilinx:name="xilinx.com:user:INTAN_RHD2xxx:1.21_ARCHIVE_LOCATION">c:/Users/acast/Desktop/TFG II/To_AntonioC/resources/Vivado_repo/ARTY7_repo/INTAN_RHD2xxx_1.0</xilinx:tag>
        <xilinx:tag xilinx:name="xilinx.com:user:INTAN_RHD2xxx:1.22_ARCHIVE_LOCATION">c:/Users/acast/Desktop/TFG II/To_AntonioC/resources/Vivado_repo/ARTY7_repo/INTAN_RHD2xxx_1.0</xilinx:tag>
        <xilinx:tag xilinx:name="xilinx.com:user:INTAN_RHD2xxx:1.23_ARCHIVE_LOCATION">c:/Users/acast/Desktop/TFG II/To_AntonioC/resources/Vivado_repo/ARTY7_repo/INTAN_RHD2xxx_1.0</xilinx:tag>
        <xilinx:tag xilinx:name="xilinx.com:user:INTAN_RHD2xxx:1.24_ARCHIVE_LOCATION">c:/Users/acast/Desktop/TFG II/To_AntonioC/resources/Vivado_repo/ARTY7_repo/INTAN_RHD2xxx_1.0</xilinx:tag>
        <xilinx:tag xilinx:name="xilinx.com:user:INTAN_RHD2xxx:1.25_ARCHIVE_LOCATION">c:/Users/acast/Desktop/TFG II/To_AntonioC/resources/Vivado_repo/ARTY7_repo/INTAN_RHD2xxx_1.0</xilinx:tag>
        <xilinx:tag xilinx:name="xilinx.com:user:INTAN_RHD2xxx:1.26_ARCHIVE_LOCATION">c:/Users/acast/Desktop/TFG II/To_AntonioC/resources/Vivado_repo/ARTY7_repo/INTAN_RHD2xxx_1.0</xilinx:tag>
        <xilinx:tag xilinx:name="xilinx.com:user:INTAN_RHD2xxx:1.27_ARCHIVE_LOCATION">c:/Users/acast/Desktop/TFG II/To_AntonioC/resources/Vivado_repo/ARTY7_repo/INTAN_RHD2xxx_1.0</xilinx:tag>
        <xilinx:tag xilinx:name="xilinx.com:user:INTAN_RHD2xxx:1.28_ARCHIVE_LOCATION">c:/Users/acast/Desktop/TFG II/To_AntonioC/resources/Vivado_repo/ARTY7_repo/INTAN_RHD2xxx_1.0</xilinx:tag>
        <xilinx:tag xilinx:name="xilinx.com:user:INTAN_RHD2xxx:1.29_ARCHIVE_LOCATION">c:/Users/acast/Desktop/TFG II/To_AntonioC/resources/Vivado_repo/ARTY7_repo/INTAN_RHD2xxx_1.0</xilinx:tag>
        <xilinx:tag xilinx:name="xilinx.com:user:INTAN_RHD2xxx:1.30_ARCHIVE_LOCATION">c:/Users/acast/Desktop/TFG II/To_AntonioC/resources/Vivado_repo/ARTY7_repo/INTAN_RHD2xxx_1.0</xilinx:tag>
        <xilinx:tag xilinx:name="xilinx.com:user:INTAN_RHD2xxx:1.31_ARCHIVE_LOCATION">c:/Users/acast/Desktop/TFG II/To_AntonioC/resources/Vivado_repo/ARTY7_repo/INTAN_RHD2xxx_1.0</xilinx:tag>
        <xilinx:tag xilinx:name="xilinx.com:user:INTAN_RHD2xxx:1.32_ARCHIVE_LOCATION">c:/Users/acast/Desktop/TFG II/To_AntonioC/resources/Vivado_repo/ARTY7_repo/INTAN_RHD2xxx_1.0</xilinx:tag>
        <xilinx:tag xilinx:name="xilinx.com:user:INTAN_RHD2xxx:1.33_ARCHIVE_LOCATION">c:/Users/acast/Desktop/TFG II/To_AntonioC/resources/Vivado_repo/ARTY7_repo/INTAN_RHD2xxx_1.0</xilinx:tag>
        <xilinx:tag xilinx:name="xilinx.com:user:INTAN_RHD2xxx:1.331_ARCHIVE_LOCATION">c:/Users/acast/Desktop/TFG II/To_AntonioC/resources/Vivado_repo/ARTY7_repo/INTAN_RHD2xxx_1.0</xilinx:tag>
        <xilinx:tag xilinx:name="xilinx.com:user:INTAN_RHD2xxx:1.332_ARCHIVE_LOCATION">c:/Users/acast/Desktop/TFG II/To_AntonioC/resources/Vivado_repo/ARTY7_repo/INTAN_RHD2xxx_1.0</xilinx:tag>
        <xilinx:tag xilinx:name="xilinx.com:user:INTAN_RHD2xxx:1.333_ARCHIVE_LOCATION">c:/Users/acast/Desktop/TFG II/To_AntonioC/resources/Vivado_repo/ARTY7_repo/INTAN_RHD2xxx_1.0</xilinx:tag>
        <xilinx:tag xilinx:name="xilinx.com:user:INTAN_RHD2xxx:1.334_ARCHIVE_LOCATION">c:/Users/acast/Desktop/TFG II/To_AntonioC/resources/Vivado_repo/ARTY7_repo/INTAN_RHD2xxx_1.0</xilinx:tag>
        <xilinx:tag xilinx:name="xilinx.com:user:INTAN_RHD2xxx:1.335_ARCHIVE_LOCATION">c:/Users/acast/Desktop/TFG II/To_AntonioC/resources/Vivado_repo/ARTY7_repo/INTAN_RHD2xxx_1.0</xilinx:tag>
        <xilinx:tag xilinx:name="xilinx.com:user:INTAN_RHD2xxx:1.336_ARCHIVE_LOCATION">c:/Users/acast/Desktop/TFG II/To_AntonioC/resources/Vivado_repo/ARTY7_repo/INTAN_RHD2xxx_1.0</xilinx:tag>
        <xilinx:tag xilinx:name="xilinx.com:user:INTAN_RHD2xxx:1.337_ARCHIVE_LOCATION">c:/Users/acast/Desktop/TFG II/To_AntonioC/resources/Vivado_repo/ARTY7_repo/INTAN_RHD2xxx_1.0</xilinx:tag>
        <xilinx:tag xilinx:name="xilinx.com:user:INTAN_RHD2xxx:1.338_ARCHIVE_LOCATION">c:/Users/acast/Desktop/TFG II/To_AntonioC/resources/Vivado_repo/ARTY7_repo/INTAN_RHD2xxx_1.0</xilinx:tag>
        <xilinx:tag xilinx:name="xilinx.com:user:INTAN_RHD2xxx:1.4_ARCHIVE_LOCATION">c:/Users/acast/Desktop/TFG II/To_AntonioC/resources/Vivado_repo/ARTY7_repo/INTAN_RHD2xxx_1.0</xilinx:tag>
        <xilinx:tag xilinx:name="xilinx.com:user:INTAN_RHD2xxx:1.34_ARCHIVE_LOCATION">c:/Users/acast/Desktop/TFG II/To_AntonioC/resources/Vivado_repo/ARTY7_repo/INTAN_RHD2xxx_1.0</xilinx:tag>
        <xilinx:tag xilinx:name="xilinx.com:user:INTAN_RHD2xxx:1.339_ARCHIVE_LOCATION">c:/Users/acast/Desktop/TFG II/To_AntonioC/resources/Vivado_repo/ARTY7_repo/INTAN_RHD2xxx_1.0</xilinx:tag>
        <xilinx:tag xilinx:name="ui.data.coregen.dd@1f6d7069_ARCHIVE_LOCATION">c:/Users/acast/Desktop/TFM/Software/To_AntonioC/resources/Vivado_repo/ARTY7_repo/INTAN_RHD2xxx_1.0</xilinx:tag>
        <xilinx:tag xilinx:name="ui.data.coregen.dd@46853bd8_ARCHIVE_LOCATION">c:/Users/acast/Desktop/TFM/Software/To_AntonioC/resources/Vivado_repo/ARTY7_repo/INTAN_RHD2xxx_1.0</xilinx:tag>
        <xilinx:tag xilinx:name="ui.data.coregen.dd@38e50f85_ARCHIVE_LOCATION">c:/Users/acast/Desktop/TFM/Software/To_AntonioC/resources/Vivado_repo/ARTY7_repo/INTAN_RHD2xxx_1.0</xilinx:tag>
        <xilinx:tag xilinx:name="ui.data.coregen.dd@17296cac_ARCHIVE_LOCATION">c:/Users/acast/Desktop/TFM/Software/To_AntonioC/resources/Vivado_repo/ARTY7_repo/INTAN_RHD2xxx_1.0</xilinx:tag>
        <xilinx:tag xilinx:name="ui.data.coregen.dd@60b9a382_ARCHIVE_LOCATION">c:/Users/acast/Desktop/TFM/Software/To_AntonioC/resources/Vivado_repo/ARTY7_repo/INTAN_RHD2xxx_1.0</xilinx:tag>
        <xilinx:tag xilinx:name="ui.data.coregen.dd@5570d07a_ARCHIVE_LOCATION">c:/Users/acast/Desktop/TFM/Software/To_AntonioC/resources/Vivado_repo/ARTY7_repo/INTAN_RHD2xxx_1.0</xilinx:tag>
        <xilinx:tag xilinx:name="ui.data.coregen.dd@a94f852_ARCHIVE_LOCATION">c:/Users/acast/Desktop/TFM/Software/To_AntonioC/resources/Vivado_repo/ARTY7_repo/INTAN_RHD2xxx_1.0</xilinx:tag>
        <xilinx:tag xilinx:name="ui.data.coregen.dd@36763473_ARCHIVE_LOCATION">c:/Users/acast/Desktop/TFM/Software/To_AntonioC/resources/Vivado_repo/ARTY7_repo/INTAN_RHD2xxx_1.0</xilinx:tag>
        <xilinx:tag xilinx:name="ui.data.coregen.dd@7294da5c_ARCHIVE_LOCATION">c:/Users/acast/Desktop/TFM/Software/To_AntonioC/resources/Vivado_repo/ARTY7_repo/INTAN_RHD2xxx_1.0</xilinx:tag>
        <xilinx:tag xilinx:name="ui.data.coregen.dd@70d30f1d_ARCHIVE_LOCATION">c:/Users/acast/Desktop/TFM/Software/To_AntonioC/resources/Vivado_repo/ARTY7_repo/INTAN_RHD2xxx_1.0</xilinx:tag>
        <xilinx:tag xilinx:name="ui.data.coregen.dd@100d476a_ARCHIVE_LOCATION">c:/Users/acast/Desktop/TFM/Software/To_AntonioC/resources/Vivado_repo/ARTY7_repo/INTAN_RHD2xxx_1.0</xilinx:tag>
        <xilinx:tag xilinx:name="ui.data.coregen.dd@76eedb2_ARCHIVE_LOCATION">c:/Users/acast/Desktop/TFM/Software/To_AntonioC/resources/Vivado_repo/ARTY7_repo/INTAN_RHD2xxx_1.0</xilinx:tag>
        <xilinx:tag xilinx:name="ui.data.coregen.dd@4d47b79_ARCHIVE_LOCATION">c:/Users/acast/Desktop/TFM/Software/To_AntonioC/resources/Vivado_repo/ARTY7_repo/INTAN_RHD2xxx_1.0</xilinx:tag>
        <xilinx:tag xilinx:name="ui.data.coregen.dd@457c511c_ARCHIVE_LOCATION">c:/Users/acast/Desktop/TFM/Software/To_AntonioC/resources/Vivado_repo/ARTY7_repo/INTAN_RHD2xxx_1.0</xilinx:tag>
        <xilinx:tag xilinx:name="ui.data.coregen.dd@7c8079f1_ARCHIVE_LOCATION">c:/Users/acast/Desktop/TFM/Software/To_AntonioC/resources/Vivado_repo/ARTY7_repo/INTAN_RHD2xxx_1.0</xilinx:tag>
        <xilinx:tag xilinx:name="ui.data.coregen.dd@5c3b2a0a_ARCHIVE_LOCATION">c:/Users/acast/Desktop/TFM/Software/To_AntonioC/resources/Vivado_repo/ARTY7_repo/INTAN_RHD2xxx_1.0</xilinx:tag>
        <xilinx:tag xilinx:name="ui.data.coregen.dd@4c95029f_ARCHIVE_LOCATION">c:/Users/acast/Desktop/TFM/Software/To_AntonioC/resources/Vivado_repo/ARTY7_repo/INTAN_RHD2xxx_1.0</xilinx:tag>
        <xilinx:tag xilinx:name="ui.data.coregen.dd@7553b95a_ARCHIVE_LOCATION">c:/Users/acast/Desktop/TFM/Software/To_AntonioC/resources/Vivado_repo/ARTY7_repo/INTAN_RHD2xxx_1.0</xilinx:tag>
        <xilinx:tag xilinx:name="ui.data.coregen.dd@7e254cf3_ARCHIVE_LOCATION">c:/Users/acast/Desktop/TFM/Software/To_AntonioC/resources/Vivado_repo/ARTY7_repo/INTAN_RHD2xxx_1.0</xilinx:tag>
        <xilinx:tag xilinx:name="ui.data.coregen.dd@12d722c3_ARCHIVE_LOCATION">c:/Users/acast/Desktop/TFM/Software/To_AntonioC/resources/Vivado_repo/ARTY7_repo/INTAN_RHD2xxx_1.0</xilinx:tag>
        <xilinx:tag xilinx:name="ui.data.coregen.dd@5c1551b3_ARCHIVE_LOCATION">c:/Users/acast/Desktop/TFM/Software/To_AntonioC/resources/Vivado_repo/ARTY7_repo/INTAN_RHD2xxx_1.0</xilinx:tag>
        <xilinx:tag xilinx:name="ui.data.coregen.dd@4c7bdd9c_ARCHIVE_LOCATION">c:/Users/acast/Desktop/TFM/Software/To_AntonioC/resources/Vivado_repo/ARTY7_repo/INTAN_RHD2xxx_1.0</xilinx:tag>
        <xilinx:tag xilinx:name="ui.data.coregen.dd@53576422_ARCHIVE_LOCATION">c:/Users/acast/Desktop/TFM/Software/To_AntonioC/resources/Vivado_repo/ARTY7_repo/INTAN_RHD2xxx_1.0</xilinx:tag>
        <xilinx:tag xilinx:name="ui.data.coregen.dd@1895f7a0_ARCHIVE_LOCATION">c:/Users/acast/Desktop/TFM/Software/To_AntonioC/resources/Vivado_repo/ARTY7_repo/INTAN_RHD2xxx_1.0</xilinx:tag>
        <xilinx:tag xilinx:name="ui.data.coregen.dd@35dbb4ae_ARCHIVE_LOCATION">c:/Users/acast/Desktop/TFM/Software/To_AntonioC/resources/Vivado_repo/ARTY7_repo/INTAN_RHD2xxx_1.0</xilinx:tag>
        <xilinx:tag xilinx:name="ui.data.coregen.dd@74a5e1a2_ARCHIVE_LOCATION">c:/Users/acast/Desktop/TFM/Software/To_AntonioC/resources/Vivado_repo/ARTY7_repo/INTAN_RHD2xxx_1.0</xilinx:tag>
        <xilinx:tag xilinx:name="ui.data.coregen.dd@449b5d1e_ARCHIVE_LOCATION">c:/Users/acast/Desktop/TFM/Software/To_AntonioC/resources/Vivado_repo/ARTY7_repo/INTAN_RHD2xxx_1.0</xilinx:tag>
        <xilinx:tag xilinx:name="ui.data.coregen.dd@4dc09bc3_ARCHIVE_LOCATION">c:/Users/acast/Desktop/TFM/Software/To_AntonioC/resources/Vivado_repo/ARTY7_repo/INTAN_RHD2xxx_1.0</xilinx:tag>
        <xilinx:tag xilinx:name="ui.data.coregen.dd@3f2f6bf2_ARCHIVE_LOCATION">c:/Users/acast/Desktop/TFM/Software/To_AntonioC/resources/Vivado_repo/ARTY7_repo/INTAN_RHD2xxx_1.0</xilinx:tag>
        <xilinx:tag xilinx:name="ui.data.coregen.dd@66a8ae37_ARCHIVE_LOCATION">c:/Users/acast/Desktop/TFM/Software/To_AntonioC/resources/Vivado_repo/ARTY7_repo/INTAN_RHD2xxx_1.0</xilinx:tag>
        <xilinx:tag xilinx:name="ui.data.coregen.dd@22a39247_ARCHIVE_LOCATION">c:/Users/acast/Desktop/TFM/Software/To_AntonioC/resources/Vivado_repo/ARTY7_repo/INTAN_RHD2xxx_1.0</xilinx:tag>
        <xilinx:tag xilinx:name="ui.data.coregen.dd@30c4918_ARCHIVE_LOCATION">c:/Users/acast/Desktop/TFM/Software/To_AntonioC/resources/Vivado_repo/ARTY7_repo/INTAN_RHD2xxx_1.0</xilinx:tag>
        <xilinx:tag xilinx:name="ui.data.coregen.dd@340014aa_ARCHIVE_LOCATION">c:/Users/acast/Desktop/TFM/Software/To_AntonioC/resources/Vivado_repo/ARTY7_repo/INTAN_RHD2xxx_1.0</xilinx:tag>
        <xilinx:tag xilinx:name="ui.data.coregen.dd@75598331_ARCHIVE_LOCATION">c:/Users/acast/Desktop/TFM/Software/To_AntonioC/resources/Vivado_repo/ARTY7_repo/INTAN_RHD2xxx_1.0</xilinx:tag>
        <xilinx:tag xilinx:name="ui.data.coregen.dd@691b086_ARCHIVE_LOCATION">c:/Users/acast/Desktop/TFM/Software/To_AntonioC/resources/Vivado_repo/ARTY7_repo/INTAN_RHD2xxx_1.0</xilinx:tag>
        <xilinx:tag xilinx:name="ui.data.coregen.dd@525cc40c_ARCHIVE_LOCATION">c:/Users/acast/Desktop/TFM/Software/To_AntonioC/resources/Vivado_repo/ARTY7_repo/INTAN_RHD2xxx_1.0</xilinx:tag>
        <xilinx:tag xilinx:name="ui.data.coregen.dd@4fae949c_ARCHIVE_LOCATION">c:/Users/acast/Desktop/TFM/Software/To_AntonioC/resources/Vivado_repo/ARTY7_repo/INTAN_RHD2xxx_1.0</xilinx:tag>
        <xilinx:tag xilinx:name="ui.data.coregen.dd@6107f26b_ARCHIVE_LOCATION">c:/Users/acast/Desktop/TFM/Software/To_AntonioC/resources/Vivado_repo/ARTY7_repo/INTAN_RHD2xxx_1.0</xilinx:tag>
        <xilinx:tag xilinx:name="ui.data.coregen.dd@1b81e89b_ARCHIVE_LOCATION">c:/Users/acast/Desktop/TFM/Software/To_AntonioC/resources/Vivado_repo/ARTY7_repo/INTAN_RHD2xxx_1.0</xilinx:tag>
        <xilinx:tag xilinx:name="ui.data.coregen.dd@76c022e_ARCHIVE_LOCATION">c:/Users/acast/Desktop/TFM/Software/To_AntonioC/resources/Vivado_repo/ARTY7_repo/INTAN_RHD2xxx_1.0</xilinx:tag>
        <xilinx:tag xilinx:name="ui.data.coregen.dd@64af9dd2_ARCHIVE_LOCATION">c:/Users/acast/Desktop/TFM/Software/To_AntonioC/resources/Vivado_repo/ARTY7_repo/INTAN_RHD2xxx_1.0</xilinx:tag>
        <xilinx:tag xilinx:name="ui.data.coregen.dd@101d8a82_ARCHIVE_LOCATION">c:/Users/acast/Desktop/TFM/Software/To_AntonioC/resources/Vivado_repo/ARTY7_repo/INTAN_RHD2xxx_1.0</xilinx:tag>
        <xilinx:tag xilinx:name="ui.data.coregen.dd@26f57774_ARCHIVE_LOCATION">c:/Users/acast/Desktop/TFM/Software/To_AntonioC/resources/Vivado_repo/ARTY7_repo/INTAN_RHD2xxx_1.0</xilinx:tag>
        <xilinx:tag xilinx:name="ui.data.coregen.dd@658886a8_ARCHIVE_LOCATION">c:/Users/acast/Desktop/TFM/Software/To_AntonioC/resources/Vivado_repo/ARTY7_repo/INTAN_RHD2xxx_1.0</xilinx:tag>
        <xilinx:tag xilinx:name="ui.data.coregen.dd@5ec1afbd_ARCHIVE_LOCATION">c:/Users/acast/Desktop/TFM/Software/To_AntonioC/resources/Vivado_repo/ARTY7_repo/INTAN_RHD2xxx_1.0</xilinx:tag>
        <xilinx:tag xilinx:name="ui.data.coregen.dd@4ac358ad_ARCHIVE_LOCATION">c:/Users/acast/Desktop/TFM/Software/To_AntonioC/resources/Vivado_repo/ARTY7_repo/INTAN_RHD2xxx_1.0</xilinx:tag>
        <xilinx:tag xilinx:name="ui.data.coregen.dd@2f3b2b39_ARCHIVE_LOCATION">c:/Users/acast/Desktop/TFM/Software/To_AntonioC/resources/Vivado_repo/ARTY7_repo/INTAN_RHD2xxx_1.0</xilinx:tag>
        <xilinx:tag xilinx:name="ui.data.coregen.dd@45f9ca5a_ARCHIVE_LOCATION">c:/Users/acast/Desktop/TFM/Software/To_AntonioC/resources/Vivado_repo/ARTY7_repo/INTAN_RHD2xxx_1.0</xilinx:tag>
        <xilinx:tag xilinx:name="ui.data.coregen.dd@a704c46_ARCHIVE_LOCATION">c:/Users/acast/Desktop/TFM/Software/To_AntonioC/resources/Vivado_repo/ARTY7_repo/INTAN_RHD2xxx_1.0</xilinx:tag>
        <xilinx:tag xilinx:name="ui.data.coregen.dd@116ea6cd_ARCHIVE_LOCATION">c:/Users/acast/Desktop/TFM/Software/To_AntonioC/resources/Vivado_repo/ARTY7_repo/INTAN_RHD2xxx_1.0</xilinx:tag>
        <xilinx:tag xilinx:name="ui.data.coregen.dd@3590a325_ARCHIVE_LOCATION">c:/Users/acast/Desktop/TFM/Software/To_AntonioC/resources/Vivado_repo/ARTY7_repo/INTAN_RHD2xxx_1.0</xilinx:tag>
        <xilinx:tag xilinx:name="ui.data.coregen.dd@1b160e90_ARCHIVE_LOCATION">c:/Users/acast/Desktop/TFM/Software/To_AntonioC/resources/Vivado_repo/ARTY7_repo/INTAN_RHD2xxx_1.0</xilinx:tag>
        <xilinx:tag xilinx:name="ui.data.coregen.dd@5198a563_ARCHIVE_LOCATION">c:/Users/acast/Desktop/TFM/Software/To_AntonioC/resources/Vivado_repo/ARTY7_repo/INTAN_RHD2xxx_1.0</xilinx:tag>
        <xilinx:tag xilinx:name="ui.data.coregen.dd@15f9b964_ARCHIVE_LOCATION">c:/Users/acast/Desktop/TFM/Software/To_AntonioC/resources/Vivado_repo/ARTY7_repo/INTAN_RHD2xxx_1.0</xilinx:tag>
        <xilinx:tag xilinx:name="ui.data.coregen.dd@50349bfa_ARCHIVE_LOCATION">c:/Users/acast/Desktop/TFM/Software/To_AntonioC/resources/Vivado_repo/ARTY7_repo/INTAN_RHD2xxx_1.0</xilinx:tag>
        <xilinx:tag xilinx:name="ui.data.coregen.dd@148e0a0_ARCHIVE_LOCATION">c:/Users/acast/Desktop/TFM/Software/To_AntonioC/resources/Vivado_repo/ARTY7_repo/INTAN_RHD2xxx_1.0</xilinx:tag>
        <xilinx:tag xilinx:name="ui.data.coregen.dd@43dce235_ARCHIVE_LOCATION">c:/Users/acast/Desktop/TFM/Software/To_AntonioC/resources/Vivado_repo/ARTY7_repo/INTAN_RHD2xxx_1.0</xilinx:tag>
        <xilinx:tag xilinx:name="ui.data.coregen.dd@28b8a9c6_ARCHIVE_LOCATION">c:/Users/acast/Desktop/TFM/Software/To_AntonioC/resources/Vivado_repo/ARTY7_repo/INTAN_RHD2xxx_1.0</xilinx:tag>
        <xilinx:tag xilinx:name="ui.data.coregen.dd@4552a375_ARCHIVE_LOCATION">c:/Users/acast/Desktop/TFM/Software/To_AntonioC/resources/Vivado_repo/ARTY7_repo/INTAN_RHD2xxx_1.0</xilinx:tag>
        <xilinx:tag xilinx:name="ui.data.coregen.dd@72a355d7_ARCHIVE_LOCATION">c:/Users/acast/Desktop/TFM/Software/To_AntonioC/resources/Vivado_repo/ARTY7_repo/INTAN_RHD2xxx_1.0</xilinx:tag>
        <xilinx:tag xilinx:name="ui.data.coregen.dd@5a835acf_ARCHIVE_LOCATION">c:/Users/acast/Desktop/TFM/Software/To_AntonioC/resources/Vivado_repo/ARTY7_repo/INTAN_RHD2xxx_1.0</xilinx:tag>
        <xilinx:tag xilinx:name="ui.data.coregen.dd@61892f6c_ARCHIVE_LOCATION">c:/Users/acast/Desktop/TFM/Software/To_AntonioC/resources/Vivado_repo/ARTY7_repo/INTAN_RHD2xxx_1.0</xilinx:tag>
        <xilinx:tag xilinx:name="ui.data.coregen.dd@da0e461_ARCHIVE_LOCATION">c:/Users/acast/Desktop/TFM/Software/To_AntonioC/resources/Vivado_repo/ARTY7_repo/INTAN_RHD2xxx_1.0</xilinx:tag>
        <xilinx:tag xilinx:name="ui.data.coregen.dd@7e4a7fe0_ARCHIVE_LOCATION">c:/Users/acast/Desktop/TFM/Software/To_AntonioC/resources/Vivado_repo/ARTY7_repo/INTAN_RHD2xxx_1.0</xilinx:tag>
        <xilinx:tag xilinx:name="ui.data.coregen.dd@411ead53_ARCHIVE_LOCATION">c:/Users/acast/Desktop/TFM/Software/To_AntonioC/resources/Vivado_repo/ARTY7_repo/INTAN_RHD2xxx_1.0</xilinx:tag>
        <xilinx:tag xilinx:name="ui.data.coregen.dd@12ea198c_ARCHIVE_LOCATION">c:/Users/acast/Desktop/TFM/Software/To_AntonioC/resources/Vivado_repo/ARTY7_repo/INTAN_RHD2xxx_1.0</xilinx:tag>
        <xilinx:tag xilinx:name="ui.data.coregen.dd@1f43d2c0_ARCHIVE_LOCATION">c:/Users/acast/Desktop/TFM/Software/To_AntonioC/resources/Vivado_repo/ARTY7_repo/INTAN_RHD2xxx_1.0</xilinx:tag>
        <xilinx:tag xilinx:name="ui.data.coregen.dd@58c7e5fe_ARCHIVE_LOCATION">c:/Users/acast/Desktop/TFM/Software/To_AntonioC/resources/Vivado_repo/ARTY7_repo/INTAN_RHD2xxx_1.0</xilinx:tag>
        <xilinx:tag xilinx:name="ui.data.coregen.dd@3f5445e1_ARCHIVE_LOCATION">c:/Users/acast/Desktop/TFM/Software/To_AntonioC/resources/Vivado_repo/ARTY7_repo/INTAN_RHD2xxx_1.0</xilinx:tag>
        <xilinx:tag xilinx:name="ui.data.coregen.dd@29134532_ARCHIVE_LOCATION">c:/Users/acast/Desktop/TFM/Software/To_AntonioC/resources/Vivado_repo/ARTY7_repo/INTAN_RHD2xxx_1.0</xilinx:tag>
        <xilinx:tag xilinx:name="ui.data.coregen.dd@346a91f2_ARCHIVE_LOCATION">c:/Users/acast/Desktop/TFM/Software/To_AntonioC/resources/Vivado_repo/ARTY7_repo/INTAN_RHD2xxx_1.0</xilinx:tag>
        <xilinx:tag xilinx:name="ui.data.coregen.dd@1d3cd999_ARCHIVE_LOCATION">c:/Users/acast/Desktop/TFM/Software/To_AntonioC/resources/Vivado_repo/ARTY7_repo/INTAN_RHD2xxx_1.0</xilinx:tag>
        <xilinx:tag xilinx:name="ui.data.coregen.dd@62f9f6da_ARCHIVE_LOCATION">c:/Users/acast/Desktop/TFM/Software/To_AntonioC/resources/Vivado_repo/ARTY7_repo/INTAN_RHD2xxx_1.0</xilinx:tag>
        <xilinx:tag xilinx:name="ui.data.coregen.dd@455b88e8_ARCHIVE_LOCATION">c:/Users/acast/Desktop/TFM/Software/To_AntonioC/resources/Vivado_repo/ARTY7_repo/INTAN_RHD2xxx_1.0</xilinx:tag>
        <xilinx:tag xilinx:name="ui.data.coregen.dd@78a29131_ARCHIVE_LOCATION">c:/Users/acast/Desktop/TFM/Software/To_AntonioC/resources/Vivado_repo/ARTY7_repo/INTAN_RHD2xxx_1.0</xilinx:tag>
        <xilinx:tag xilinx:name="ui.data.coregen.dd@7429e3e0_ARCHIVE_LOCATION">c:/Users/acast/Desktop/TFM/Software/To_AntonioC/resources/Vivado_repo/ARTY7_repo/INTAN_RHD2xxx_1.0</xilinx:tag>
        <xilinx:tag xilinx:name="ui.data.coregen.dd@6b731352_ARCHIVE_LOCATION">c:/Users/acast/Desktop/TFM/Software/To_AntonioC/resources/Vivado_repo/ARTY7_repo/INTAN_RHD2xxx_1.0</xilinx:tag>
        <xilinx:tag xilinx:name="ui.data.coregen.dd@5e76b0cd_ARCHIVE_LOCATION">c:/Users/acast/Desktop/TFM/Software/To_AntonioC/resources/Vivado_repo/ARTY7_repo/INTAN_RHD2xxx_1.0</xilinx:tag>
        <xilinx:tag xilinx:name="ui.data.coregen.dd@38e548c5_ARCHIVE_LOCATION">c:/Users/acast/Desktop/TFM/Software/To_AntonioC/resources/Vivado_repo/ARTY7_repo/INTAN_RHD2xxx_1.0</xilinx:tag>
      </xilinx:tags>
    </xilinx:coreExtensions>
    <xilinx:packagingInfo>
      <xilinx:xilinxVersion>2019.2</xilinx:xilinxVersion>
      <xilinx:checksum xilinx:scope="busInterfaces" xilinx:value="f9064860"/>
      <xilinx:checksum xilinx:scope="memoryMaps" xilinx:value="ed1368d5"/>
      <xilinx:checksum xilinx:scope="fileGroups" xilinx:value="078de9e9"/>
      <xilinx:checksum xilinx:scope="ports" xilinx:value="31ade06d"/>
      <xilinx:checksum xilinx:scope="hdlParameters" xilinx:value="fba08ac4"/>
      <xilinx:checksum xilinx:scope="parameters" xilinx:value="17eb6b0c"/>
    </xilinx:packagingInfo>
  </spirit:vendorExtensions>
</spirit:component>
