<?xml version="1.0" encoding="UTF-8"?>
<GenRun Id="synth_1" LaunchPart="xc7a100tcsg324-1" LaunchTime="1717664537">
  <File Type="PA-TCL" Name="Intan_RHD2xxx_v2_0.tcl"/>
  <File Type="REPORTS-TCL" Name="Intan_RHD2xxx_v2_0_reports.tcl"/>
  <File Type="RDS-RDS" Name="Intan_RHD2xxx_v2_0.vds"/>
  <File Type="RDS-UTIL" Name="Intan_RHD2xxx_v2_0_utilization_synth.rpt"/>
  <File Type="RDS-UTIL-PB" Name="Intan_RHD2xxx_v2_0_utilization_synth.pb"/>
  <File Type="RDS-DCP" Name="Intan_RHD2xxx_v2_0.dcp"/>
  <FileSet Name="sources" Type="DesignSrcs" RelSrcDir="$PSRCDIR/sources_1">
    <Filter Type="Srcs"/>
    <File Path="$PSRCDIR/sources_1/imports/Software/To_AntonioC-blnk/resources/Vivado_repo/ARTY7_repo/INTAN_RHD2xxx_2.0/src/CH_READER.vhd">
      <FileInfo>
        <Attr Name="Library" Val="xil_defaultlib"/>
        <Attr Name="ImportPath" Val="$PPRDIR/../../TFM/Software/To_AntonioC-blnk/resources/Vivado_repo/ARTY7_repo/INTAN_RHD2xxx_2.0/src/CH_READER.vhd"/>
        <Attr Name="ImportTime" Val="1697006238"/>
        <Attr Name="UsedIn" Val="synthesis"/>
        <Attr Name="UsedIn" Val="simulation"/>
      </FileInfo>
    </File>
    <File Path="$PSRCDIR/sources_1/imports/Software/To_AntonioC-blnk/resources/Vivado_repo/ARTY7_repo/INTAN_RHD2xxx_2.0/src/INI.vhd">
      <FileInfo>
        <Attr Name="Library" Val="xil_defaultlib"/>
        <Attr Name="ImportPath" Val="$PPRDIR/../../TFM/Software/To_AntonioC-blnk/resources/Vivado_repo/ARTY7_repo/INTAN_RHD2xxx_2.0/src/INI.vhd"/>
        <Attr Name="ImportTime" Val="1694767828"/>
        <Attr Name="UsedIn" Val="synthesis"/>
        <Attr Name="UsedIn" Val="simulation"/>
      </FileInfo>
    </File>
    <File Path="$PSRCDIR/sources_1/imports/Software/To_AntonioC-blnk/resources/Vivado_repo/ARTY7_repo/INTAN_RHD2xxx_2.0/hdl/INTAN_RHD2xxx_v2_0.vhd">
      <FileInfo>
        <Attr Name="Library" Val="xil_defaultlib"/>
        <Attr Name="ImportPath" Val="$PPRDIR/../../TFM/Software/To_AntonioC-blnk/resources/Vivado_repo/ARTY7_repo/INTAN_RHD2xxx_2.0/hdl/INTAN_RHD2xxx_v2_0.vhd"/>
        <Attr Name="ImportTime" Val="1717663801"/>
        <Attr Name="UsedIn" Val="synthesis"/>
        <Attr Name="UsedIn" Val="simulation"/>
      </FileInfo>
    </File>
    <File Path="$PSRCDIR/sources_1/imports/Software/To_AntonioC-blnk/resources/Vivado_repo/ARTY7_repo/INTAN_RHD2xxx_2.0/hdl/INTAN_RHD2xxx_v2_0_S00_AXI.vhd">
      <FileInfo>
        <Attr Name="Library" Val="xil_defaultlib"/>
        <Attr Name="ImportPath" Val="$PPRDIR/../../TFM/Software/To_AntonioC-blnk/resources/Vivado_repo/ARTY7_repo/INTAN_RHD2xxx_2.0/hdl/INTAN_RHD2xxx_v2_0_S00_AXI.vhd"/>
        <Attr Name="ImportTime" Val="1717665408"/>
        <Attr Name="UsedIn" Val="synthesis"/>
        <Attr Name="UsedIn" Val="simulation"/>
      </FileInfo>
    </File>
    <File Path="$PSRCDIR/sources_1/imports/Software/To_AntonioC-blnk/resources/Vivado_repo/ARTY7_repo/INTAN_RHD2xxx_2.0/src/SPI_v2.vhd">
      <FileInfo>
        <Attr Name="Library" Val="xil_defaultlib"/>
        <Attr Name="ImportPath" Val="$PPRDIR/../../TFM/Software/To_AntonioC-blnk/resources/Vivado_repo/ARTY7_repo/INTAN_RHD2xxx_2.0/src/SPI_v2.vhd"/>
        <Attr Name="ImportTime" Val="1694767818"/>
        <Attr Name="UsedIn" Val="synthesis"/>
        <Attr Name="UsedIn" Val="simulation"/>
      </FileInfo>
    </File>
    <File Path="$PSRCDIR/sources_1/imports/Software/To_AntonioC/resources/Vivado_repo/ARTY7_repo/INTAN_RHD2xxx_1.0/component.xml">
      <FileInfo SFType="IPXACT">
        <Attr Name="Library" Val="xil_defaultlib"/>
        <Attr Name="ImportPath" Val="$PPRDIR/../../TFM/Software/To_AntonioC/resources/Vivado_repo/ARTY7_repo/INTAN_RHD2xxx_1.0/component.xml"/>
        <Attr Name="ImportTime" Val="1717664006"/>
      </FileInfo>
    </File>
    <File Path="$PSRCDIR/sources_1/imports/Software/To_AntonioC-blnk/resources/Vivado_repo/ARTY7_repo/INTAN_RHD2xxx_2.0/src/tx_uart_fifo.vhd">
      <FileInfo>
        <Attr Name="Library" Val="xil_defaultlib"/>
        <Attr Name="ImportPath" Val="$PPRDIR/../../TFM/Software/To_AntonioC-blnk/resources/Vivado_repo/ARTY7_repo/INTAN_RHD2xxx_2.0/src/tx_uart_fifo.vhd"/>
        <Attr Name="ImportTime" Val="1717152261"/>
        <Attr Name="UsedIn" Val="synthesis"/>
        <Attr Name="UsedIn" Val="simulation"/>
      </FileInfo>
    </File>
    <Config>
      <Option Name="DesignMode" Val="RTL"/>
      <Option Name="TopModule" Val="Intan_RHD2xxx_v2_0"/>
    </Config>
  </FileSet>
  <FileSet Name="constrs_in" Type="Constrs" RelSrcDir="$PSRCDIR/constrs_1">
    <Filter Type="Constrs"/>
    <Config>
      <Option Name="ConstrsType" Val="XDC"/>
    </Config>
  </FileSet>
  <FileSet Name="utils" Type="Utils" RelSrcDir="$PSRCDIR/utils_1">
    <Filter Type="Utils"/>
    <Config>
      <Option Name="TopAutoSet" Val="TRUE"/>
    </Config>
  </FileSet>
  <Strategy Version="1" Minor="2">
    <StratHandle Name="Vivado Synthesis Defaults" Flow="Vivado Synthesis 2019"/>
    <Step Id="synth_design"/>
  </Strategy>
  <BlockFileSet Type="BlockSrcs" Name="fifo_16i8ox131072"/>
</GenRun>
